Label,Total Backward Packets,Bwd Packet Length Max,Flow Duration,Flow Bytes/s,Flow Packets/s,Total Fwd Packets,Fwd Packet Length Max,Bwd IAT Total,Fwd IAT Total
PortScan,1.0,6.0,38.0,210526.3158,52631.57895,1.0,2.0,0.0,0.0
DoS Hulk,6.0,5792.0,100043447.0,122.8566225,0.129943543,7.0,339.0,359216.0,99900000.0
PortScan,1.0,6.0,73.0,109589.0411,27397.26027,1.0,2.0,0.0,0.0
BENIGN,1.0,6.0,205.0,1395121.951,14634.14634,2.0,274.0,0.0,205.0
DDoS,6.0,4380.0,1815721.0,6403.51684,4.956708657,3.0,20.0,1815717.0,8056.0
DoS Slowhttptest,2.0,0.0,83382945.0,62.36287289,0.239857203,18.0,520.0,31500000.0,83400000.0
BENIGN,2.0,46.0,151.0,1006622.517,26490.06623,2.0,30.0,3.0,3.0
DDoS,6.0,5840.0,796007.0,14606.65547,11.30643323,3.0,20.0,795547.0,10936.0
BENIGN,2.0,197.0,70928.0,6570.042860365441,56.39521768554026,2.0,36.0,4.0,1.0
DoS Hulk,7.0,5792.0,99232665.0,120.1822001,0.120927922,5.0,319.0,99200000.0,99100000.0
DoS Hulk,0.0,0.0,5.0,0.0,400000.0,2.0,0.0,0.0,5.0
DoS Hulk,2.0,0.0,13227.0,907.2352007,302.4117336,2.0,6.0,13201.0,1246.0
BENIGN,11.0,1605.0,31588042.0,308.0279556,0.854753834,16.0,485.0,964962.0,31600000.0
DoS Hulk,0.0,0.0,3.0,0.0,666666.6667,2.0,0.0,0.0,3.0
BENIGN,2.0,2.0,48.0,333333.3333,83333.33333,2.0,6.0,3.0,48.0
PortScan,1.0,6.0,55.0,109090.9091,36363.63636,1.0,0.0,0.0,0.0
BENIGN,0.0,0.0,87.0,137931.0345,22988.50575,2.0,6.0,0.0,87.0
BENIGN,0.0,0.0,597.0,72026.80067,5025.125628,3.0,31.0,0.0,597.0
PortScan,1.0,6.0,31.0,258064.5161,64516.12903,1.0,2.0,0.0,0.0
BENIGN,2.0,71.0,191.0,1193717.277,20942.40838,2.0,43.0,48.0,48.0
BENIGN,2.0,84.0,31152.0,10785.82435,192.6040062,4.0,42.0,4.0,30679.0
BENIGN,2.0,165.0,23921.0,16554.49187,167.2170896,2.0,33.0,4.0,3.0
DDoS,4.0,8760.0,165802.0,70125.81272,42.21903234,3.0,20.0,165750.0,9037.0
DDoS,0.0,0.0,4031911.0,5.952512345,0.992085391,4.0,6.0,0.0,4031911.0
BENIGN,2.0,0.0,79019.0,0.0,37.96555259,1.0,0.0,887.0,0.0
BENIGN,0.0,0.0,3.0,4000000.0,666666.6667,2.0,6.0,0.0,3.0
DoS Hulk,8.0,4344.0,83937464.0,146.0492063,0.190618101,8.0,320.0,83900000.0,83800000.0
BENIGN,2.0,82.0,199.0,1226130.653,20100.50251,2.0,40.0,49.0,1.0
BENIGN,7.0,1410.0,271892.0,16149.79477,58.84689509,9.0,198.0,183852.0,271892.0
BENIGN,2.0,285.0,30999.0,20258.71802316204,129.0364205296945,2.0,29.0,3.0,3.0
DoS Hulk,6.0,5792.0,84996929.0,141.0403898,0.141181571,6.0,375.0,158342.0,84900000.0
DoS Hulk,7.0,4344.0,85355152.0,139.593214,0.140589053,5.0,308.0,85400000.0,85200000.0
BENIGN,2.0,175.0,238.0,1773109.244,16806.72269,2.0,36.0,3.0,49.0
BENIGN,2.0,23.0,207.0,444444.4444,19323.6715,2.0,23.0,48.0,48.0
BENIGN,0.0,0.0,108.0,111111.11111111112,18518.51851851852,2.0,6.0,0.0,108.0
BENIGN,2.0,185.0,94897866.0,4.130756744,0.042150579,2.0,57.0,94900000.0,94800000.0
DDoS,6.0,4380.0,1787414.0,6508.285154,5.035207288,3.0,20.0,1787412.0,691.0
BENIGN,2.0,81.0,1208772.0,186.9666074,3.309143494,2.0,32.0,3.0,4.0
BENIGN,1.0,240.0,60650.0,4699.0931574608,32.9760923331,1.0,45.0,0.0,0.0
PortScan,1.0,6.0,14.0,428571.4286,142857.1429,1.0,0.0,0.0,0.0
BENIGN,2.0,56.0,48553.0,3954.441538,82.38419871,2.0,40.0,3.0,190.0
DoS Hulk,0.0,0.0,3.0,0.0,666666.6667,2.0,0.0,0.0,3.0
DoS Hulk,6.0,5792.0,86780297.0,137.3237983,0.14980359,7.0,322.0,167594.0,86600000.0
DoS Hulk,6.0,5792.0,86155033.0,138.6338045,0.150890778,7.0,343.0,191400.0,86000000.0
BENIGN,4.0,121.0,90052386.0,9.72767118,0.13325577,8.0,98.0,90000000.0,90100000.0
BENIGN,1.0,114.0,43759.0,3793.505336,45.70488357,1.0,52.0,0.0,0.0
BENIGN,14.0,1393.0,65527703.0,96.14254295,0.457821633,16.0,487.0,65400000.0,61200000.0
BENIGN,1.0,6.0,25.0,480000.0,80000.0,1.0,6.0,0.0,0.0
BENIGN,2.0,150.0,61278.0,6135.970495,65.27628186,2.0,38.0,48.0,3.0
BENIGN,2.0,51.0,48063.0,3578.636373,83.2241017,2.0,35.0,4.0,4.0
BENIGN,2.0,119.0,66108713.0,4.885891516,0.060506396,2.0,51.0,66000000.0,66100000.0
DoS Hulk,7.0,5792.0,100901542.0,118.5214791,0.158570421,9.0,364.0,151324.0,101000000.0
BENIGN,2.0,61.0,199.0,1065326.633,20100.50251,2.0,45.0,48.0,3.0
DDoS,0.0,0.0,5139867.0,4.669381523,0.778230254,4.0,6.0,0.0,5139867.0
BENIGN,1.0,99.0,60570.0,2476.473502,33.01964669,1.0,51.0,0.0,0.0
DDoS,4.0,7300.0,882058.0,13181.67286,7.935986069,3.0,20.0,881926.0,22593.0
BENIGN,1.0,118.0,132359.0,1201.278341,15.11041939,1.0,41.0,0.0,0.0
BENIGN,0.0,0.0,34.0,352941.1765,58823.52941,2.0,6.0,0.0,34.0
PortScan,1.0,6.0,81.0,74074.07407,24691.35802,1.0,0.0,0.0,0.0
DDoS,0.0,0.0,6100884.0,3.933856143,0.65564269,4.0,6.0,0.0,6100884.0
BENIGN,1.0,83.0,48580.0,2840.675175,41.16920543,1.0,55.0,0.0,0.0
BENIGN,19.0,3671.0,116889338.0,67.42274475,0.359314209,23.0,1186.0,112000000.0,117000000.0
DDoS,4.0,10135.0,150025.0,77500.4166,46.65889018,3.0,20.0,149976.0,27924.0
BENIGN,1.0,6.0,21.0,571428.5714,95238.09524,1.0,6.0,0.0,0.0
DoS Hulk,7.0,4344.0,147681.0,81161.42225,67.71351765,3.0,391.0,147620.0,13009.0
BENIGN,12.0,1515.0,3140101.0,3915.160691,8.279988446,14.0,1731.0,2710968.0,3140101.0
DoS Hulk,0.0,0.0,971.0,0.0,2059.732235,2.0,0.0,0.0,971.0
BENIGN,7.0,2021.0,148653.0,44943.5934693548,121.08736453351092,11.0,1381.0,109630.0,148653.0
BENIGN,2.0,0.0,5447873.0,0.0,1.10134726,4.0,0.0,1188887.0,5447873.0
BENIGN,0.0,0.0,1.0,12000000.0,2000000.0,2.0,6.0,0.0,1.0
BENIGN,7.0,2571.0,6281867.0,823.1629227,2.547013491,9.0,965.0,6211814.0,1490247.0
DoS Hulk,0.0,0.0,4.0,0.0,500000.0,2.0,0.0,0.0,4.0
PortScan,1.0,6.0,42.0,190476.1905,47619.04762,1.0,2.0,0.0,0.0
DDoS,4.0,7215.0,882469.0,13175.53364,7.932289973,3.0,20.0,882361.0,11037.0
BENIGN,1.0,117.0,60252.0,3004.049658,33.19391887,1.0,64.0,0.0,0.0
BENIGN,1.0,0.0,58026.0,3188.225968,86.1682694,4.0,185.0,0.0,58026.0
BENIGN,2.0,206.0,247.0,2299595.142,16194.33198,2.0,78.0,49.0,4.0
PortScan,1.0,6.0,13.0,615384.6154,153846.1538,1.0,2.0,0.0,0.0
BENIGN,2.0,86.0,281.0,932384.3416,14234.87544,2.0,45.0,1.0,1.0
DoS Slowhttptest,3.0,0.0,111442213.0,4.728908246,0.071786083,5.0,520.0,110000000.0,111000000.0
BENIGN,1.0,54.0,26922.0,3417.279548,74.28868583,1.0,38.0,0.0,0.0
DDoS,0.0,0.0,6243885.0,3.843760736,0.640626789,4.0,6.0,0.0,6243885.0
BENIGN,1.0,0.0,22274.0,0.0,179.5815749,3.0,0.0,0.0,22274.0
BENIGN,0.0,0.0,3.0,12333333.333333332,666666.6666666666,2.0,37.0,0.0,3.0
PortScan,1.0,6.0,48.0,166666.6667,41666.66667,1.0,2.0,0.0,0.0
DDoS,0.0,0.0,3141262.0,7.640241406,1.273373568,4.0,6.0,0.0,3141262.0
BENIGN,1.0,0.0,87.0,0.0,22988.5057471264,1.0,0.0,0.0,0.0
DoS Hulk,6.0,4344.0,100488664.0,119.0183999,0.129367826,7.0,365.0,74306.0,100000000.0
BENIGN,2.0,109.0,300413.0,1404.7328178208002,19.972504518779147,4.0,51.0,4.0,92432.0
PortScan,1.0,6.0,49.0,163265.3061,40816.32653,1.0,2.0,0.0,0.0
DoS Hulk,0.0,0.0,2.0,0.0,1000000.0,2.0,0.0,0.0,2.0
PortScan,1.0,6.0,93.0,86021.50538,21505.37634,1.0,2.0,0.0,0.0
BENIGN,2.0,127.0,210.0,1600000.0,19047.61905,2.0,41.0,48.0,3.0
PortScan,1.0,6.0,56.0,107142.8571,35714.28571,1.0,0.0,0.0,0.0
FTP-Patator,15.0,34.0,8685966.0,33.50231857,2.76307782,9.0,22.0,8685905.0,5639303.0
DoS Hulk,5.0,5803.0,1778.0,6699662.542,4499.43757,3.0,317.0,1601.0,1023.0
DDoS,5.0,10135.0,76325027.0,152.807021,0.170324211,8.0,20.0,624606.0,75700000.0
PortScan,1.0,6.0,49.0,163265.3061,40816.32653,1.0,2.0,0.0,0.0
BENIGN,2.0,97.0,60981.0,5477.11582296125,98.39130220888474,4.0,35.0,3.0,31342.0
BENIGN,2.0,116.0,2698653.0,121.5421175,1.482220945,2.0,51.0,2698048.0,2626024.0
BENIGN,2.0,179.0,469.0,1522388.06,8528.784648,2.0,178.0,4.0,4.0
SSH-Patator,33.0,976.0,12530637.0,379.3103256,4.389242143,22.0,640.0,12500000.0,9932610.0
BENIGN,2.0,162.0,172778.0,2234.0807278705,23.1510956256,2.0,31.0,3.0,1.0
DDoS,0.0,0.0,2636022.0,11.38078514,1.896797523,5.0,6.0,0.0,2636022.0
BENIGN,51.0,1418.0,116587198.0,493.7248770658,0.7119134984,32.0,406.0,116551045.0,116587198.0
PortScan,1.0,6.0,78.0,76923.07692,25641.02564,1.0,0.0,0.0,0.0
BENIGN,5.0,1774.0,5242293.0,698.9307923,2.479830868,8.0,192.0,116112.0,5242293.0
BENIGN,1.0,0.0,52.0,0.0,38461.53846,1.0,0.0,0.0,0.0
DDoS,6.0,5840.0,1085141.0,10720.26585,8.293853057,3.0,20.0,1085125.0,609.0
BENIGN,1.0,0.0,6.0,0.0,333333.3333,1.0,0.0,0.0,0.0
PortScan,1.0,6.0,62.0,96774.19355,32258.06452,1.0,0.0,0.0,0.0
PortScan,1.0,6.0,56.0,107142.8571,35714.28571,1.0,0.0,0.0,0.0
DDoS,0.0,0.0,3935972.0,7.622005441,1.27033424,5.0,6.0,0.0,3935972.0
BENIGN,0.0,0.0,1.0,12000000.0,2000000.0,2.0,6.0,0.0,1.0
DDoS,6.0,5840.0,305672.0,38057.13314,29.44332487,3.0,20.0,305642.0,898.0
BENIGN,12.0,1627.0,60779199.0,79.36925921,0.444230928,15.0,541.0,60700000.0,60800000.0
BENIGN,9.0,246.0,16167533.0,206.7724247,1.175194756,10.0,577.0,16000000.0,11400000.0
BENIGN,0.0,0.0,854.0,0.0,2341.920375,2.0,0.0,0.0,854.0
BENIGN,1.0,175.0,23674.0,9377.376024,84.48086508,1.0,47.0,0.0,0.0
BENIGN,3.0,0.0,47862.0,0.0,104.4670093,2.0,0.0,4.0,47862.0
BENIGN,1.0,72.0,30514.0,4194.795831,65.54368487,1.0,56.0,0.0,0.0
BENIGN,2.0,51.0,60160.0,2859.042553,66.4893617,2.0,35.0,3.0,3.0
DoS Hulk,8.0,4344.0,98326854.0,121.5436019,0.142382263,6.0,338.0,98300000.0,98300000.0
BENIGN,1.0,125.0,69954.0,2830.431426,28.59021643,1.0,73.0,0.0,0.0
DDoS,5.0,7215.0,81174487.0,143.6781485,0.160148841,8.0,20.0,551668.0,80600000.0
DoS Hulk,0.0,0.0,521.0,0.0,5758.15739,3.0,0.0,0.0,521.0
DDoS,0.0,0.0,2190984.0,13.6924779,2.28207965,5.0,6.0,0.0,2190984.0
BENIGN,2.0,176.0,257.0,1774319.06614786,15564.202334630349,2.0,52.0,1.0,1.0
BENIGN,2.0,319.0,49198451.0,11.11823622,0.081303373,2.0,55.0,49100000.0,49200000.0
DDoS,6.0,4380.0,361189.0,32207.51463,24.91770237,3.0,20.0,361144.0,953.0
BENIGN,0.0,0.0,114.0,105263.1579,17543.85965,2.0,6.0,0.0,114.0
DoS Hulk,0.0,0.0,4.0,0.0,500000.0,2.0,0.0,0.0,4.0
BENIGN,1.0,55.0,31948.0,3443.095029,62.60172781,1.0,55.0,0.0,0.0
DoS Hulk,0.0,0.0,4.0,0.0,500000.0,2.0,0.0,0.0,4.0
BENIGN,0.0,0.0,3.0,12300000.0,666666.6667,2.0,31.0,0.0,3.0
BENIGN,2.0,99.0,62479.0,5986.011299796732,96.0322668416588,4.0,44.0,4.0,32980.0
DDoS,0.0,0.0,12211648.0,1.965336701,0.327556117,4.0,6.0,0.0,12200000.0
BENIGN,1.0,67.0,26378.0,4473.424823716734,75.82075972401243,1.0,51.0,0.0,0.0
DoS Hulk,4.0,11595.0,86206237.0,138.6906611,0.162401242,10.0,361.0,2151.0,86200000.0
PortScan,1.0,6.0,34.0,235294.1176,58823.52941,1.0,2.0,0.0,0.0
DDoS,4.0,7215.0,849035.0,13694.37067,8.244654225,3.0,20.0,848974.0,3465.0
DoS Hulk,6.0,4344.0,84946121.0,140.4419632,0.153038183,7.0,335.0,137440.0,84800000.0
DoS Hulk,0.0,0.0,1.0,0.0,2000000.0,2.0,0.0,0.0,1.0
PortScan,1.0,6.0,50.0,160000.0,40000.0,1.0,2.0,0.0,0.0
DoS Hulk,6.0,4355.0,1001077.0,11937.1437,9.989241587,4.0,355.0,1538.0,1000419.0
BENIGN,2.0,54.0,47767.0,5443.088325,125.6097306,4.0,38.0,48.0,33744.0
DoS Hulk,7.0,4344.0,355780.0,34833.32396,30.91798302,4.0,399.0,355726.0,219994.0
BENIGN,0.0,0.0,5239.0,2290.513456766558,381.7522427944264,2.0,6.0,0.0,5239.0
BENIGN,9.0,657.0,60412418.0,23.488548331238785,0.2979519872884412,9.0,762.0,60361631.0,51312577.0
BENIGN,0.0,0.0,4.0,3000000.0,500000.0,2.0,6.0,0.0,4.0
BENIGN,20.0,1418.0,115188205.0,49.20642699,0.364620666,22.0,492.0,111000000.0,115000000.0
BENIGN,4.0,355.0,5235931.0,274.8317347956,1.5279040155,4.0,1084.0,5118362.0,235664.0
DoS Hulk,0.0,0.0,5.0,0.0,400000.0,2.0,0.0,0.0,5.0
BENIGN,2.0,113.0,38886.0,7509.12925,102.8647842,2.0,33.0,4.0,4.0
BENIGN,7.0,500.0,8637537.0,268.5950868,1.389284932,5.0,939.0,8602991.0,142767.0
BENIGN,42.0,2920.0,175904.0,366478.3063,414.9990904,31.0,340.0,119082.0,175904.0
BENIGN,19.0,1448.0,115643502.0,55.75756431,0.354537862,22.0,766.0,113000000.0,116000000.0
DDoS,5.0,10135.0,252721.0,46030.99861,31.65546195,3.0,20.0,252703.0,587.0
BENIGN,2.0,131.0,31107.0,10801.4273314688,128.5884206127,2.0,37.0,3.0,4.0
DDoS,6.0,4380.0,642526.0,18095.76577,14.00721527,3.0,20.0,642232.0,25922.0
BENIGN,1.0,46.0,50255464.0,2.069426719,0.079593335,3.0,46.0,0.0,50300000.0
DDoS,5.0,4380.0,77227605.0,150.8657429,0.155384852,7.0,20.0,362864.0,76900000.0
DoS Hulk,0.0,0.0,3.0,0.0,666666.6667,2.0,0.0,0.0,3.0
BENIGN,4.0,6.0,39931.0,9741.804613,225.3887957,5.0,258.0,29465.0,39931.0
BENIGN,2.0,132.0,186.0,1741935.484,21505.37634,2.0,30.0,3.0,3.0
BENIGN,1.0,66.0,30816.0,3374.870197,64.90134995,1.0,38.0,0.0,0.0
DoS Hulk,0.0,0.0,3.0,0.0,666666.6667,2.0,0.0,0.0,3.0
DDoS,6.0,5840.0,767897.0,15149.16714,11.72032187,3.0,20.0,767852.0,1548.0
DDoS,6.0,4380.0,1125848.0,10332.65592,7.99397432,3.0,20.0,1125709.0,856.0
BENIGN,1.0,174.0,50934.0,4319.315192,39.26650175,1.0,46.0,0.0,0.0
BENIGN,2.0,163.0,165.0,3951515.152,24242.42424,2.0,163.0,4.0,5.0
BENIGN,11.0,1460.0,7912789.0,808.3117091,2.401176121,8.0,469.0,7822918.0,7821779.0
BENIGN,0.0,0.0,48.0,83333.33333,41666.66667,2.0,2.0,0.0,48.0
BENIGN,2.0,6.0,69.0,173913.0435,57971.01449,2.0,0.0,3.0,4.0
PortScan,1.0,6.0,55.0,145454.5455,36363.63636,1.0,2.0,0.0,0.0
BENIGN,1.0,137.0,142796.0,1288.5515,14.00599457,1.0,47.0,0.0,0.0
BENIGN,2.0,222.0,54636.0,9480.928326,73.21180174,2.0,37.0,48.0,47.0
DDoS,0.0,0.0,7963813.0,3.767039733,0.627839956,5.0,6.0,0.0,7963813.0
DDoS,6.0,4380.0,1130362.0,10286.08534,7.962051095,3.0,20.0,1130350.0,10066.0
DoS Hulk,6.0,5792.0,99514728.0,120.6253611,0.160780221,10.0,403.0,83268.0,99400000.0
BENIGN,1.0,122.0,23264.0,6963.548831,85.96973865,1.0,40.0,0.0,0.0
PortScan,1.0,6.0,48.0,125000.0,41666.66667,1.0,0.0,0.0,0.0
BENIGN,2.0,98.0,48655.0,5795.9099784195,82.2114890556,2.0,43.0,3.0,62.0
DDoS,5.0,10135.0,697062.0,16688.61593,11.47674095,3.0,20.0,697049.0,939.0
BENIGN,2.0,167.0,24045.0,17134.53941,166.3547515,2.0,39.0,4.0,3.0
BENIGN,1.0,66.0,36466.0,3181.045357,54.84560961,1.0,50.0,0.0,0.0
PortScan,1.0,6.0,14.0,571428.5714,142857.1429,1.0,2.0,0.0,0.0
DoS Hulk,5.0,7240.0,83478084.0,142.8878027,0.155729497,8.0,333.0,151405.0,83300000.0
DDoS,5.0,8675.0,1012270.0,11486.06597,6.915151096,2.0,20.0,1012237.0,768.0
BENIGN,2.0,72.0,116410388.0,2.096032872942576,0.0343611946384028,2.0,56.0,116379782.0,116379836.0
DDoS,6.0,5755.0,38141.0,304842.5579,235.9665452,3.0,20.0,38093.0,26016.0
BENIGN,2.0,237.0,67048.0,8262.737144,59.65875194,2.0,40.0,48.0,5.0
PortScan,1.0,6.0,50.0,120000.0,40000.0,1.0,0.0,0.0,0.0
DoS Hulk,5.0,5792.0,99920913.0,119.1642434,0.12009498,7.0,312.0,46696.0,99900000.0
BENIGN,9.0,1418.0,190672.0,23679.407569019048,99.64756230594948,10.0,202.0,153669.0,190672.0
DoS Hulk,7.0,5792.0,99152308.0,120.8040462,0.121025927,5.0,371.0,99200000.0,99200000.0
DoS Hulk,1.0,0.0,11981.0,1001.585844,250.3964611,2.0,6.0,0.0,11981.0
BENIGN,0.0,0.0,64065059.0,1.1550758113,0.0312182652,2.0,37.0,0.0,64065059.0
DDoS,6.0,5840.0,1311508.0,8865.367196,6.862329471,3.0,20.0,1311498.0,20477.0
BENIGN,2.0,235.0,87259.0,6211.393667,45.84054367,2.0,36.0,1.0,1.0
DoS Hulk,6.0,4344.0,83211260.0,143.9949353,0.168246461,8.0,375.0,147496.0,83100000.0
BENIGN,2.0,140.0,24349.0,14702.8625405561,164.2777937492,2.0,39.0,3.0,3.0
DoS Hulk,7.0,5792.0,98777649.0,121.8291802,0.131608721,6.0,421.0,98800000.0,98700000.0
DoS slowloris,0.0,0.0,3002232.0,0.0,0.999256553,3.0,0.0,0.0,3002232.0
BENIGN,2.0,0.0,2003979.0,437.1303292,3.493050576,5.0,438.0,246608.0,2003979.0
BENIGN,24.0,1418.0,1707382.0,3454.4114908087354,24.013372520033595,17.0,378.0,1658549.0,1658395.0
BENIGN,2.0,236.0,203.0,2758620.68965517,19704.4334975369,2.0,44.0,4.0,3.0
BENIGN,1.0,0.0,5509632.0,2.178003903,0.726001301,3.0,6.0,0.0,5509632.0
BENIGN,13.0,2274.0,2403702.0,2774.470379,9.984598756,11.0,355.0,2353093.0,403333.0
DDoS,5.0,7215.0,616079.0,18882.31866,12.98534766,3.0,20.0,615956.0,1047.0
BENIGN,1.0,114.0,443.0,379232.5056,4514.672686,1.0,54.0,0.0,0.0
BENIGN,8.0,2603.0,233466.0,21369.27861016165,81.38229977812615,11.0,206.0,177171.0,233466.0
BENIGN,1.0,0.0,5079530.0,0.0,0.787474432,3.0,0.0,0.0,5079530.0
BENIGN,8.0,2264.0,10588248.0,329.4218269,1.511109298,8.0,517.0,10500000.0,10600000.0
BENIGN,2.0,68.0,161.0,1291925.466,24844.7205,2.0,36.0,48.0,4.0
BENIGN,2.0,104.0,166.0,1686746.988,24096.38554,2.0,36.0,48.0,3.0
BENIGN,4.0,79.0,53747.0,9674.958602,148.845517,4.0,51.0,3636.0,53551.0
BENIGN,0.0,0.0,58226.0,206.0934978,34.34891629,2.0,6.0,0.0,58226.0
BENIGN,10.0,20.0,90850915.0,128.5732785,0.165105657,5.0,11595.0,90600000.0,90900000.0
BENIGN,19.0,2435.0,115363552.0,70.48153302,0.36406646,23.0,357.0,111000000.0,115000000.0
BENIGN,2.0,101.0,48749.0,7425.79335,123.0794478,4.0,40.0,3.0,31426.0
BENIGN,15.0,746.0,115510181.0,20.4484139801,0.285689103,18.0,435.0,112496201.0,115510181.0
BENIGN,0.0,0.0,1890.0,6349.206349,1058.201058,2.0,6.0,0.0,1890.0
DoS Hulk,7.0,4344.0,85388529.0,139.6206275,0.152245274,6.0,327.0,147600.0,85300000.0
FTP-Patator,15.0,34.0,10074935.0,29.08207348,2.382149364,9.0,24.0,10100000.0,6500186.0
DoS Hulk,5.0,7240.0,67867534.0,175.7099352,0.176815029,7.0,324.0,147422.0,67700000.0
BENIGN,0.0,0.0,338.0,35502.95858,5917.159763,2.0,6.0,0.0,338.0
PortScan,1.0,6.0,134.0,44776.1194,14925.37313,1.0,0.0,0.0,0.0
BENIGN,2.0,118.0,123469.0,2526.950085,32.39679596,2.0,38.0,3.0,48.0
BENIGN,7.0,1430.0,185587.0,27254.06413,91.60124362,10.0,194.0,103243.0,185587.0
BENIGN,0.0,0.0,49.0,244897.9592,40816.32653,2.0,6.0,0.0,49.0
BENIGN,4.0,1950.0,5669912.0,455.2098869,2.116434964,8.0,200.0,429317.0,5669912.0
DoS Hulk,2.0,0.0,13587.0,883.1971738,294.3990579,2.0,6.0,13586.0,552.0
DDoS,0.0,0.0,659979.0,54.54719014,9.091198356,6.0,6.0,0.0,659979.0
BENIGN,1.0,0.0,52853.0,0.0,56.76120560800712,2.0,0.0,0.0,1.0
DoS Hulk,0.0,0.0,0.0,,inf,2.0,0.0,0.0,0.0
BENIGN,2.0,95.0,64105.0,4367.834022,62.39762889,2.0,45.0,48.0,2.0
BENIGN,1.0,0.0,50450.0,0.0,39.6432111,1.0,0.0,0.0,0.0
BENIGN,12.0,1770.0,36260938.0,181.5452209,0.634291369,11.0,424.0,36200000.0,34200000.0
DDoS,0.0,0.0,8760735.0,3.424370216,0.570728369,5.0,6.0,0.0,8760735.0
BENIGN,2.0,414.0,1379.0,658448.1508,2900.652647,2.0,40.0,3.0,46.0
DDoS,5.0,7215.0,1440862.0,8073.639252,5.552231928,3.0,20.0,1440776.0,738.0
BENIGN,2.0,132.0,61210.0,5293.252736,65.34879922,2.0,30.0,49.0,153.0
BENIGN,0.0,0.0,4.0,0.0,500000.0,2.0,0.0,0.0,4.0
DoS Hulk,0.0,0.0,10.0,0.0,200000.0,2.0,0.0,0.0,10.0
BENIGN,16.0,796.0,99074782.0,45.40004943,0.333081732,17.0,435.0,99100000.0,90700000.0
DoS Hulk,2.0,11.0,13072.0,1759.485924,305.997552,2.0,6.0,12979.0,1682.0
DoS Hulk,0.0,0.0,4.0,0.0,500000.0,2.0,0.0,0.0,4.0
BENIGN,1.0,0.0,5309992.0,2.25989041,0.753296803,3.0,6.0,0.0,5309992.0
BENIGN,2.0,6.0,57.0,280701.7544,70175.4386,2.0,2.0,1.0,1.0
BENIGN,1.0,0.0,90.0,2088888.889,22222.22222,1.0,188.0,0.0,0.0
BENIGN,0.0,0.0,1.0,12000000.0,2000000.0,2.0,6.0,0.0,1.0
BENIGN,1.0,129.0,105124.0,1598.112705,19.02515125,1.0,39.0,0.0,0.0
BENIGN,1.0,6.0,84302.0,71.17268867,23.72422956,1.0,0.0,0.0,0.0
PortScan,1.0,6.0,76.0,78947.36842,26315.78947,1.0,0.0,0.0,0.0
DoS Hulk,8.0,5792.0,86456964.0,138.2653224,0.161930276,6.0,347.0,86500000.0,86500000.0
BENIGN,1.0,0.0,204.0,0.0,14705.88235,2.0,0.0,0.0,204.0
BENIGN,1.0,113.0,182830.0,902.4777115,10.93912378,1.0,52.0,0.0,0.0
BENIGN,2.0,82.0,185.0,1600000.0,21621.621621621623,2.0,66.0,48.0,2.0
DDoS,0.0,0.0,10078803.0,2.976543941,0.496090657,5.0,6.0,0.0,10100000.0
BENIGN,1.0,61.0,30444.0,3481.8026540534,65.6943896991,1.0,45.0,0.0,0.0
BENIGN,1.0,6.0,36.0,333333.3333,55555.55556,1.0,6.0,0.0,0.0
BENIGN,0.0,0.0,3.0,4000000.0,666666.6667,2.0,6.0,0.0,3.0
DoS Hulk,5.0,5792.0,83488154.0,142.738813,0.16768846,9.0,322.0,135502.0,83400000.0
BENIGN,1.0,6.0,38696.0,465.1643581,77.52739301,2.0,6.0,0.0,38696.0
BENIGN,2.0,91.0,189186.0,1680.885478,31.71482034,4.0,34.0,4.0,30128.0
BENIGN,2.0,174.0,58117034.0,5.626577571,0.068826637,2.0,46.0,57900000.0,58100000.0
DoS Hulk,6.0,5792.0,85453146.0,139.8661203,0.16383247,8.0,351.0,152491.0,85300000.0
BENIGN,1.0,6.0,2.0,6000000.0,1000000.0,1.0,6.0,0.0,0.0
PortScan,1.0,6.0,48.0,166666.6667,41666.66667,1.0,2.0,0.0,0.0
DoS Hulk,6.0,5792.0,85903062.0,139.3663942,0.139692343,6.0,377.0,172588.0,85700000.0
DoS Hulk,0.0,0.0,4.0,0.0,500000.0,2.0,0.0,0.0,4.0
DDoS,0.0,0.0,10023048.0,2.3944812,0.3990802,4.0,6.0,0.0,10000000.0
PortScan,1.0,6.0,26.0,307692.3077,76923.07692,1.0,2.0,0.0,0.0
BENIGN,0.0,0.0,3.0,10300000.0,666666.6667,2.0,31.0,0.0,3.0
BENIGN,2.0,48.0,252.0,634920.634920635,15873.0158730159,2.0,32.0,3.0,4.0
BENIGN,1.0,6.0,162.0,111111.1111,18518.51852,2.0,6.0,0.0,159.0
BENIGN,0.0,0.0,49.0,81632.65306,40816.32653,2.0,2.0,0.0,49.0
PortScan,1.0,6.0,46.0,130434.7826,43478.26087,1.0,0.0,0.0,0.0
BENIGN,1.0,0.0,49.0,0.0,40816.32653,1.0,0.0,0.0,0.0
BENIGN,1.0,0.0,80.0,0.0,25000.0,1.0,0.0,0.0,0.0
BENIGN,25.0,2920.0,600632.0,70209.37945,71.59125721,18.0,517.0,451590.0,600322.0
BENIGN,0.0,0.0,876.0,0.0,2283.105023,2.0,0.0,0.0,876.0
DDoS,0.0,0.0,10101725.0,2.375831851,0.395971975,4.0,6.0,0.0,10100000.0
DoS Hulk,6.0,4344.0,98716852.0,121.1343328,0.141819757,8.0,357.0,56544.0,98700000.0
BENIGN,2.0,110.0,189.0,1714285.714,21164.02116,2.0,52.0,4.0,3.0
BENIGN,1.0,0.0,55.0,0.0,36363.63636,1.0,0.0,0.0,0.0
DoS Hulk,5.0,8699.0,98338464.0,121.5699281,0.132196492,8.0,360.0,4123.0,98300000.0
BENIGN,2.0,113.0,31004.0,9353.631789446525,129.01561088891756,2.0,32.0,4.0,3.0
DoS Hulk,0.0,0.0,1.0,0.0,2000000.0,2.0,0.0,0.0,1.0
BENIGN,0.0,0.0,4.0,20750000.0,750000.0,3.0,46.0,0.0,4.0
BENIGN,1.0,98.0,23591.0,6951.803654,84.77809334,1.0,66.0,0.0,0.0
BENIGN,1.0,0.0,57.0,0.0,35087.7193,1.0,0.0,0.0,0.0
DDoS,0.0,0.0,9698728.0,2.474551302,0.412425217,4.0,6.0,0.0,9698728.0
DDoS,5.0,5840.0,75406757.0,154.5882685,0.172398344,8.0,20.0,1126137.0,74300000.0
PortScan,1.0,6.0,50.0,120000.0,40000.0,1.0,0.0,0.0,0.0
BENIGN,2.0,98.0,31090.0,8491.476359,128.6587327,2.0,34.0,3.0,48.0
BENIGN,2.0,247.0,70043.0,7995.088731,57.10777665,2.0,33.0,3.0,3.0
BENIGN,2.0,200.0,251.0,2167330.677,15936.25498,2.0,72.0,4.0,47.0
BENIGN,5.0,171.0,5960987.0,86.56284605,2.013089443,7.0,217.0,174423.0,5960987.0
BENIGN,2.0,209.0,32107.0,15386.05289,124.5834242,2.0,38.0,3.0,4.0
BENIGN,9.0,1716.0,298098.0,20691.18209,73.80123315,13.0,389.0,258461.0,298098.0
PortScan,1.0,6.0,39.0,153846.1538,51282.05128,1.0,0.0,0.0,0.0
DDoS,6.0,4380.0,341830.0,34013.98356,26.32887693,3.0,20.0,341802.0,16061.0
BENIGN,2.0,14.0,118.0,118644.0678,33898.30508,2.0,0.0,1.0,4.0
DDoS,0.0,0.0,8252576.0,2.908182851,0.484697142,4.0,6.0,0.0,8252576.0
BENIGN,0.0,0.0,55.0,218181.8182,36363.63636,2.0,6.0,0.0,55.0
BENIGN,1.0,102.0,61512.0,2389.777604369879,32.51398101183509,1.0,45.0,0.0,0.0
DDoS,0.0,0.0,75300.0,398.4063745,66.40106242,5.0,6.0,0.0,75300.0
BENIGN,0.0,0.0,4.0,3000000.0,500000.0,2.0,6.0,0.0,4.0
BENIGN,2.0,124.0,212.0,1603773.58490566,18867.9245283019,2.0,46.0,2.0,1.0
BENIGN,1.0,0.0,183.0,98360.6557377049,21857.9234972678,3.0,6.0,0.0,183.0
BENIGN,0.0,0.0,3.0,4000000.0,666666.6667,2.0,6.0,0.0,3.0
BENIGN,2.0,53.0,23651.0,7610.671853,169.1260412,2.0,37.0,3.0,4.0
BENIGN,0.0,0.0,25124.0,477.6309504855915,79.60515841426525,2.0,6.0,0.0,25124.0
BENIGN,2.0,135.0,255.0,1349019.608,15686.27451,2.0,37.0,1.0,1.0
BENIGN,1.0,126.0,30673.0,5672.741499,65.20392528,1.0,48.0,0.0,0.0
BENIGN,4.0,77.0,31196.0,15386.5880241057,256.4431337351,4.0,43.0,387.0,31026.0
BENIGN,2.0,72.0,173.0,1260115.606936416,23121.387283237,2.0,37.0,48.0,3.0
BENIGN,2.0,86.0,172.0,1383720.93,23255.81395,2.0,33.0,48.0,3.0
BENIGN,1.0,235.0,70304.0,3911.583978152,28.4478834775,1.0,40.0,0.0,0.0
DDoS,4.0,11595.0,89404262.0,130.4523939,0.134221789,8.0,20.0,854679.0,88600000.0
BENIGN,2.0,47.0,164.0,951219.5122,24390.2439,2.0,31.0,1.0,49.0
BENIGN,2.0,102.0,186.0,1548387.097,21505.37634,2.0,42.0,3.0,4.0
BENIGN,2.0,106.0,172919.0,1734.916348,23.13221797,2.0,44.0,3.0,4.0
DDoS,0.0,0.0,3942000.0,7.610350076,1.268391679,5.0,6.0,0.0,3942000.0
BENIGN,1.0,72.0,96150.0,1331.25325013,20.8008320333,1.0,56.0,0.0,0.0
BENIGN,2.0,176.0,74733.0,6369.3415224867,80.2858175103,4.0,31.0,4.0,30433.0
BENIGN,1.0,6.0,15009.0,799.5202878,133.2533813,1.0,6.0,0.0,0.0
DDoS,0.0,0.0,8083418.0,3.711301333,0.618550222,5.0,6.0,0.0,8083418.0
BENIGN,2.0,223.0,24298.0,20907.07054078525,164.62260268334842,2.0,31.0,3.0,49.0
BENIGN,1.0,4.0,35.0,228571.4286,114285.7143,3.0,4.0,0.0,35.0
DoS Hulk,0.0,0.0,1.0,0.0,2000000.0,2.0,0.0,0.0,1.0
DoS Hulk,7.0,4344.0,83508106.0,143.2196295,0.167648396,7.0,341.0,83500000.0,83400000.0
BENIGN,1.0,6.0,50.0,160000.0,40000.0,1.0,2.0,0.0,0.0
BENIGN,1.0,6.0,54.0,222222.222222222,37037.037037037,1.0,6.0,0.0,0.0
BENIGN,1.0,0.0,38.0,0.0,52631.57895,1.0,0.0,0.0,0.0
BENIGN,0.0,0.0,49.0,81632.65306,40816.32653,2.0,2.0,0.0,49.0
DoS Hulk,6.0,7240.0,98357771.0,121.5460647,0.152504473,9.0,360.0,67531.0,98300000.0
DoS Hulk,7.0,5792.0,86806832.0,137.7080551,0.138237967,5.0,347.0,86800000.0,86600000.0
BENIGN,62.0,4380.0,116394369.0,766.9443184,1.039569191,59.0,441.0,111000000.0,116000000.0
DoS Hulk,0.0,0.0,987.0,0.0,4052.684904,4.0,0.0,0.0,987.0
BENIGN,0.0,0.0,63665.0,0.0,47.1216524,3.0,0.0,0.0,63665.0
BENIGN,18.0,1418.0,116103429.0,47.66439758,0.335907392,21.0,590.0,111000000.0,116000000.0
DoS Hulk,2.0,11.0,21329.0,1078.344039,187.5380937,2.0,6.0,21287.0,469.0
BENIGN,4.0,64.0,3764778.0,49.67092349,1.59371947,2.0,46.0,3740998.0,218236.0
DoS Hulk,6.0,5792.0,99901436.0,119.1674562,0.13012826,7.0,310.0,5329.0,99900000.0
BENIGN,132.0,2920.0,47078945.0,4030.166776,4.354388145,73.0,499.0,47100000.0,41100000.0
BENIGN,2.0,60.0,189.0,1100529.101,21164.02116,2.0,44.0,49.0,56.0
BENIGN,2.0,57.0,160.0,1225000.0,25000.0,2.0,41.0,4.0,4.0
PortScan,1.0,6.0,44.0,181818.1818,45454.54545,1.0,2.0,0.0,0.0
BENIGN,2.0,66.0,165.0,1212121.21212121,24242.4242424242,2.0,34.0,3.0,3.0
BENIGN,1.0,46.0,4985369.0,33.89919583,1.203521745,5.0,46.0,0.0,4985369.0
DDoS,6.0,5755.0,928576.0,12521.32297,9.692259977,3.0,20.0,928567.0,3028.0
DDoS,7.0,4380.0,1527450.0,7615.961243,6.546859144,3.0,20.0,1527401.0,547.0
PortScan,1.0,6.0,33.0,242424.2424,60606.06061,1.0,2.0,0.0,0.0
DoS Hulk,5.0,7240.0,85301979.0,144.697698,0.164122804,9.0,368.0,350336.0,85200000.0
PortScan,1.0,6.0,27.0,296296.2963,74074.07407,1.0,2.0,0.0,0.0
BENIGN,1.0,99.0,64645.0,2304.8959702993,30.9382009436,1.0,50.0,0.0,0.0
BENIGN,1.0,0.0,45.0,0.0,44444.44444,1.0,0.0,0.0,0.0
PortScan,1.0,6.0,27.0,222222.2222,74074.07407,1.0,0.0,0.0,0.0
DoS Hulk,0.0,0.0,999.0,6006.006006,5005.005005,5.0,6.0,0.0,999.0
PortScan,1.0,6.0,43.0,186046.5116,46511.62791,1.0,2.0,0.0,0.0
BENIGN,44.0,976.0,1435006.0,6756.766174,57.83947942,39.0,408.0,481000.0,1435006.0
DDoS,4.0,8760.0,278258.0,41784.96216,25.15650943,3.0,20.0,278240.0,21028.0
DoS Hulk,6.0,4344.0,98426721.0,121.6844357,0.132077955,7.0,376.0,4514.0,98400000.0
PortScan,1.0,6.0,58.0,103448.2759,34482.75862,1.0,0.0,0.0,0.0
PortScan,1.0,6.0,93.0,64516.12903,21505.37634,1.0,0.0,0.0,0.0
BENIGN,14.0,384.0,115275580.0,6.644945963,0.260245925,16.0,292.0,110000000.0,115000000.0
BENIGN,1.0,0.0,108424.0,0.0,18.44610049,1.0,0.0,0.0,0.0
PortScan,1.0,6.0,43.0,186046.5116,46511.62791,1.0,2.0,0.0,0.0
BENIGN,0.0,0.0,49.0,81632.65306,40816.32653,2.0,2.0,0.0,49.0
DoS Hulk,6.0,10136.0,98707901.0,121.1757101,0.111439914,5.0,354.0,98700000.0,98700000.0
BENIGN,18.0,223.0,118748912.0,58.52685202,0.345266321,23.0,627.0,118000000.0,119000000.0
BENIGN,1.0,115.0,799.0,210262.8285,2503.128911,1.0,53.0,0.0,0.0
BENIGN,0.0,0.0,131.0,0.0,15267.17557,2.0,0.0,0.0,131.0
BENIGN,8.0,1460.0,5072583.0,871.7452233,3.154211572,8.0,517.0,66856.0,5072583.0
BENIGN,0.0,0.0,4006368.0,0.0,0.4992052652,2.0,0.0,0.0,4006368.0
BENIGN,1.0,6.0,137.0,87591.24088,14598.54015,1.0,6.0,0.0,0.0
BENIGN,1.0,6.0,39.0,307692.3077,51282.05128,1.0,6.0,0.0,0.0
BENIGN,2.0,137.0,88.0,4068181.818,45454.54545,2.0,42.0,49.0,2.0
BENIGN,14.0,367.0,113743840.0,15.04257285,0.246167177,14.0,1260.0,114000000.0,114000000.0
BENIGN,2.0,82.0,166.0,1445783.133,24096.38554,2.0,38.0,3.0,3.0
BENIGN,2.0,77.0,234.0,974358.9744,17094.01709,2.0,37.0,49.0,3.0
BENIGN,8.0,795.0,51140058.0,24.16892057494342,0.332420428619772,9.0,441.0,51124338.0,51125052.0
BENIGN,4.0,2266.0,66680.0,40401.91962,104.9790042,3.0,428.0,34056.0,32797.0
DoS Hulk,0.0,0.0,4.0,0.0,500000.0,2.0,0.0,0.0,4.0
BENIGN,2.0,47.0,172.0,906976.7442,23255.81395,2.0,31.0,4.0,4.0
PortScan,1.0,6.0,12.0,666666.6667,166666.6667,1.0,2.0,0.0,0.0
DoS Hulk,6.0,5792.0,84485097.0,144.8421134,0.153873292,7.0,321.0,353331.0,84400000.0
DDoS,5.0,7300.0,16273.0,714496.4051,491.6118724,3.0,20.0,16196.0,8333.0
DoS Hulk,0.0,0.0,1.0,0.0,2000000.0,2.0,0.0,0.0,1.0
BENIGN,1.0,58.0,48957.0,2042.6088199848848,40.85217639969769,1.0,42.0,0.0,0.0
PortScan,1.0,6.0,43.0,139534.8837,46511.62791,1.0,0.0,0.0,0.0
DoS Hulk,0.0,0.0,5.0,0.0,400000.0,2.0,0.0,0.0,5.0
DoS Hulk,6.0,4344.0,98738907.0,120.7021666,0.1519158,9.0,323.0,32651.0,98700000.0
BENIGN,15.0,4344.0,1395899.0,15001.80171,22.20791046,16.0,357.0,1043957.0,1395899.0
BENIGN,1.0,112.0,47937.0,3504.599787,41.72142604,1.0,56.0,0.0,0.0
BENIGN,2.0,77.0,190.0,1210526.31578947,21052.6315789474,2.0,38.0,48.0,3.0
DoS Hulk,0.0,0.0,1.0,0.0,2000000.0,2.0,0.0,0.0,1.0
BENIGN,0.0,0.0,394.0,0.0,5076.142131979696,2.0,0.0,0.0,394.0
BENIGN,6.0,6.0,11863237.0,3.540349063,0.590058177,1.0,6.0,11800000.0,0.0
BENIGN,0.0,0.0,546.0,21978.021978022,3663.0036630037,2.0,6.0,0.0,546.0
BENIGN,0.0,0.0,85.0,141176.470588235,23529.4117647059,2.0,6.0,0.0,85.0
DoS Hulk,5.0,10136.0,84609102.0,141.2141214,0.130009653,6.0,353.0,144417.0,84500000.0
DoS Slowhttptest,0.0,0.0,63161481.0,0.0,0.11082704,7.0,0.0,0.0,63200000.0
BENIGN,21.0,2896.0,60597236.0,321.5823243,0.709603323,22.0,342.0,60600000.0,50800000.0
BENIGN,52.0,2836.0,199700.0,369344.016,420.6309464,32.0,334.0,162685.0,199700.0
BENIGN,0.0,0.0,1.0,12000000.0,2000000.0,2.0,6.0,0.0,1.0
BENIGN,8.0,2357.0,9038105.0,847.4121511091097,1.770282597956098,8.0,1573.0,204384.0,9038105.0
DoS Hulk,0.0,0.0,4.0,0.0,500000.0,2.0,0.0,0.0,4.0
BENIGN,0.0,0.0,2.0,1040000000.0,1000000.0,2.0,2065.0,0.0,2.0
BENIGN,1.0,0.0,16.0,0.0,125000.0,1.0,0.0,0.0,0.0
BENIGN,1.0,0.0,77.0,0.0,25974.02597,1.0,0.0,0.0,0.0
DoS Hulk,2.0,11.0,17305.0,1329.095637,231.1470673,2.0,6.0,17243.0,974.0
BENIGN,48.0,4230.0,118227552.0,623.2811113,0.702036019,35.0,122.0,118000000.0,118000000.0
BENIGN,2.0,91.0,30951.0,8658.847856288972,129.23653516849214,2.0,43.0,4.0,3.0
DoS Hulk,6.0,5792.0,98316749.0,121.840888,0.142396897,8.0,378.0,31497.0,98300000.0
DoS Hulk,6.0,5792.0,98180604.0,121.8978038,0.152779667,9.0,373.0,134313.0,98100000.0
DDoS,5.0,4380.0,485079.0,23969.2916,16.49215901,3.0,20.0,485022.0,6557.0
DoS Hulk,0.0,0.0,4.0,0.0,500000.0,2.0,0.0,0.0,4.0
DoS Hulk,5.0,8688.0,83150263.0,144.4132534,0.156343462,8.0,413.0,143538.0,83000000.0
DoS Hulk,0.0,0.0,3.0,0.0,666666.6667,2.0,0.0,0.0,3.0
BENIGN,1.0,140.0,532985.0,350.8541516,3.752450819,1.0,47.0,0.0,0.0
BENIGN,2.0,73.0,96395.0,2240.780123,41.49592821,2.0,35.0,3.0,3.0
BENIGN,1.0,48.0,71856.0,1336.005344021376,27.833444667112,1.0,48.0,0.0,0.0
BENIGN,10.0,1955.0,5800170.0,1839.773662,3.448174795,10.0,1887.0,5767120.0,843895.0
BENIGN,1.0,106.0,101738.0,1474.375356,19.65833808,1.0,44.0,0.0,0.0
BENIGN,1.0,46.0,3987495.0,42.38249829,1.504704081,5.0,46.0,0.0,3987495.0
BENIGN,15.0,796.0,115310238.0,18.35916773,0.277512219,17.0,435.0,110000000.0,115000000.0
BENIGN,2.0,0.0,97588.0,389.3921384,61.48296922,4.0,38.0,39024.0,97588.0
PortScan,1.0,6.0,52.0,153846.1538,38461.53846,1.0,2.0,0.0,0.0
PortScan,5.0,5792.0,2464.0,4723214.286,4464.285714,6.0,62.0,1123.0,2464.0
BENIGN,1.0,6.0,32.0,375000.0,62500.0,1.0,6.0,0.0,0.0
BENIGN,2.0,179.0,120679.0,3612.890395,33.14578344,2.0,39.0,4.0,3.0
BENIGN,1.0,0.0,58.0,0.0,34482.75862068965,1.0,0.0,0.0,0.0
BENIGN,0.0,0.0,3.0,4000000.0,666666.6667,2.0,6.0,0.0,3.0
BENIGN,3.0,114.0,62191383.0,7.47692007428103,0.0964763880552391,3.0,61.0,62160942.0,62111982.0
PortScan,1.0,6.0,44.0,136363.6364,45454.54545,1.0,0.0,0.0,0.0
DoS Hulk,0.0,0.0,3.0,0.0,666666.6667,2.0,0.0,0.0,3.0
BENIGN,1.0,93.0,30553.0,4844.041502,65.46002029,1.0,55.0,0.0,0.0
BENIGN,51.0,2896.0,21002199.0,3601.099104,4.428107742,42.0,1271.0,21000000.0,21000000.0
DoS Hulk,6.0,4344.0,99732878.0,119.3086998,0.140374972,8.0,298.0,138638.0,99600000.0
DDoS,6.0,4380.0,92194669.0,126.438981,0.151852598,8.0,20.0,1404126.0,90800000.0
DDoS,0.0,0.0,7418821.0,4.043769219,0.673961536,5.0,6.0,0.0,7418821.0
BENIGN,0.0,0.0,7391.0,35042.6194,541.1987552,4.0,216.0,0.0,7391.0
PortScan,1.0,6.0,26.0,230769.2308,76923.07692,1.0,0.0,0.0,0.0
BENIGN,1.0,0.0,81.0,0.0,24691.35802,1.0,0.0,0.0,0.0
BENIGN,1.0,186.0,61158.0,3793.453023,32.70218124,1.0,46.0,0.0,0.0
BENIGN,0.0,0.0,28856.0,0.0,103.9645134,3.0,0.0,0.0,28856.0
BENIGN,2.0,102.0,391696.0,709.7340795,10.21200114,2.0,37.0,3.0,1.0
PortScan,1.0,6.0,44.0,136363.6364,45454.54545,1.0,0.0,0.0,0.0
BENIGN,0.0,0.0,1.0,12000000.0,2000000.0,2.0,6.0,0.0,1.0
BENIGN,1.0,0.0,40.0,0.0,75000.0,2.0,0.0,0.0,3.0
BENIGN,1.0,60.0,49897.0,2084.293645,40.08257009,1.0,44.0,0.0,0.0
BENIGN,0.0,0.0,47.0,0.0,42553.19149,2.0,0.0,0.0,47.0
DoS Hulk,4.0,11595.0,85878512.0,138.6260628,0.151376633,9.0,310.0,1535.0,85900000.0
DoS Hulk,0.0,0.0,3.0,0.0,666666.6667,2.0,0.0,0.0,3.0
BENIGN,6.0,6.0,21944.0,842644.9143,956.9814072,15.0,2920.0,18057.0,21944.0
BENIGN,2.0,65.0,160.0,1425000.0,25000.0,2.0,49.0,48.0,3.0
PortScan,1.0,6.0,41.0,146341.4634,48780.4878,1.0,0.0,0.0,0.0
BENIGN,9.0,1430.0,900339.0,5685.636188,22.213855,11.0,200.0,607680.0,900339.0
BENIGN,1.0,46.0,4336667.0,41.73712208,1.383551008,5.0,46.0,0.0,4336667.0
PortScan,1.0,6.0,16.0,375000.0,125000.0,1.0,0.0,0.0,0.0
BENIGN,2.0,72.0,191.0,1214659.68586387,20942.4083769633,2.0,44.0,48.0,49.0
DoS Hulk,5.0,5792.0,83745112.0,143.2441812,0.143291945,7.0,401.0,150273.0,83600000.0
BENIGN,2.0,192.0,24084.0,18601.5612,166.0853679,2.0,32.0,4.0,3.0
BENIGN,0.0,0.0,18.0,0.0,111111.1111,2.0,0.0,0.0,18.0
BENIGN,1.0,86.0,62210.0,2250.442051,32.14917216,1.0,54.0,0.0,0.0
BENIGN,1.0,0.0,54.0,0.0,37037.03704,1.0,0.0,0.0,0.0
DoS Hulk,6.0,5792.0,98825665.0,120.6872729,0.141663605,8.0,326.0,9333.0,98800000.0
BENIGN,9.0,20.0,73752891.0,158.2175267,0.230499439,8.0,5840.0,73300000.0,73800000.0
BENIGN,0.0,0.0,93.0,129032.2581,21505.37634,2.0,6.0,0.0,93.0
BENIGN,0.0,0.0,16980.0,0.0,117.7856302,2.0,0.0,0.0,16980.0
BENIGN,1.0,0.0,6503179.0,4.920670337,0.615083792,3.0,31.0,0.0,6503179.0
BENIGN,12.0,821.0,60958451.0,31.98900182,0.442924641,15.0,669.0,60900000.0,61000000.0
BENIGN,16.0,456.0,116075397.0,17.25602540907097,0.3101432424995281,20.0,744.0,110627284.0,116075397.0
DoS Hulk,6.0,4344.0,83827248.0,142.9248876,0.167010135,8.0,374.0,152560.0,83700000.0
PortScan,1.0,6.0,49.0,163265.3061,40816.32653,1.0,2.0,0.0,0.0
BENIGN,17.0,219.0,118220170.0,21.93365142,0.279140184,16.0,517.0,118000000.0,118000000.0
BENIGN,0.0,0.0,3095828.0,0.0,0.646030723,2.0,0.0,0.0,3095828.0
BENIGN,2.0,238.0,216.0,2462962.962962963,18518.51851851852,2.0,28.0,4.0,3.0
DoS Hulk,6.0,4344.0,99609756.0,119.4762489,0.130509305,7.0,306.0,161579.0,99500000.0
BENIGN,1.0,46.0,4289752.0,42.19358135,1.398682255,5.0,46.0,0.0,4289752.0
FTP-Patator,1.0,0.0,233.0,60085.83691,12875.53648,2.0,14.0,0.0,233.0
BENIGN,0.0,0.0,4.0,9250000.0,500000.0,2.0,37.0,0.0,4.0
BENIGN,1.0,0.0,171.0,0.0,11695.90643,1.0,0.0,0.0,0.0
BENIGN,2.0,163.0,184.0,2260869.565,21739.13043,2.0,45.0,4.0,3.0
BENIGN,21.0,1400.0,116174330.0,93.41134139,0.370133402,22.0,3217.0,111000000.0,116000000.0
BENIGN,1.0,235.0,60677.0,4631.079322,32.96141866,1.0,46.0,0.0,0.0
DDoS,6.0,4380.0,98076408.0,118.8563105,0.142745848,8.0,20.0,194078.0,97900000.0
DoS Hulk,6.0,4344.0,151668.0,79153.1503,59.34013767,3.0,410.0,151643.0,13023.0
DoS slowloris,0.0,0.0,3000160.0,0.0,0.99994667,3.0,0.0,0.0,3000160.0
BENIGN,2.0,250.0,61778.0,9161.837547347,64.7479685325,2.0,33.0,4.0,47.0
BENIGN,5.0,675.0,55479.0,20079.66978,162.223544,4.0,421.0,32599.0,45117.0
BENIGN,5.0,1590.0,5531550.0,670.3365241,2.35015502,8.0,229.0,69074.0,5531550.0
BENIGN,2.0,103.0,273.0,1084249.084,14652.01465,2.0,45.0,1.0,1.0
DDoS,0.0,0.0,31977.0,750.5394502,125.0899084,4.0,6.0,0.0,31977.0
BENIGN,2.0,165.0,177.0,2282485.876,22598.87006,2.0,37.0,3.0,3.0
BENIGN,20.0,4344.0,234351.0,171785.0575,170.6841447,20.0,405.0,182020.0,234351.0
PortScan,1.0,6.0,65.0,123076.9231,30769.23077,1.0,2.0,0.0,0.0
BENIGN,18.0,1460.0,116020555.0,60.7823329237,0.3102898448,18.0,276.0,110401486.0,116020555.0
BENIGN,2.0,228.0,236.0,2228813.559,16949.15254,2.0,35.0,47.0,3.0
PortScan,1.0,6.0,22.0,363636.3636,90909.09091,1.0,2.0,0.0,0.0
BENIGN,2.0,132.0,91729.0,3532.143597,43.60671107,2.0,30.0,2.0,3.0
BENIGN,18.0,2920.0,115325448.0,65.29348145,0.33817341,21.0,302.0,110000000.0,115000000.0
BENIGN,2.0,132.0,251.0,1290836.653,15936.25498,2.0,30.0,49.0,4.0
DoS Hulk,7.0,5792.0,85067162.0,140.6300589,0.152820427,6.0,350.0,85100000.0,84900000.0
BENIGN,9.0,1601.0,36764335.0,140.19021423888125,0.5984060367200984,13.0,829.0,30316798.0,36764335.0
BENIGN,2.0,79.0,304967.0,964.0387321,19.67425984,4.0,34.0,3.0,146198.0
DoS Slowhttptest,0.0,0.0,63139541.0,0.0,0.110865551,7.0,0.0,0.0,63100000.0
PortScan,1.0,6.0,45.0,177777.7778,44444.44444,1.0,2.0,0.0,0.0
DoS Hulk,0.0,0.0,981.0,0.0,2038.735984,2.0,0.0,0.0,981.0
BENIGN,1.0,116.0,30333.0,5538.522401,65.93479049,1.0,52.0,0.0,0.0
PortScan,1.0,6.0,54.0,148148.1481,37037.03704,1.0,2.0,0.0,0.0
BENIGN,1.0,163.0,30942.0,7885.721672807187,64.63706289186219,1.0,81.0,0.0,0.0
BENIGN,2.0,97.0,132543.0,2112.521974,30.17888534,2.0,43.0,4.0,4.0
BENIGN,1.0,0.0,30665.0,1010.924507,130.4418718,3.0,31.0,0.0,8663.0
DoS Hulk,0.0,0.0,987.0,0.0,2026.342452,2.0,0.0,0.0,987.0
PortScan,1.0,6.0,59.0,101694.9153,33898.30508,1.0,0.0,0.0,0.0
DDoS,0.0,0.0,92072.0,390.9983491,65.16639152,6.0,6.0,0.0,92072.0
DoS Hulk,7.0,5792.0,100374648.0,119.3628096,0.1195521,5.0,374.0,100000000.0,100000000.0
BENIGN,2.0,108.0,23690.0,12663.57113,168.847615,2.0,42.0,3.0,4.0
BENIGN,1.0,6.0,30.0,400000.0,66666.66667,1.0,6.0,0.0,0.0
DoS Hulk,7.0,4355.0,98349027.0,122.0550967,0.122014425,5.0,397.0,98300000.0,98300000.0
PortScan,1.0,6.0,49.0,163265.3061,40816.32653,1.0,2.0,0.0,0.0
DoS Hulk,7.0,4344.0,99533724.0,119.7784984,0.130608998,6.0,309.0,99500000.0,99400000.0
BENIGN,1.0,0.0,99.0,0.0,20202.0202,1.0,0.0,0.0,0.0
BENIGN,1.0,0.0,95169.0,0.0,21.01524656,1.0,0.0,0.0,0.0
BENIGN,19.0,1460.0,115636622.0,63.74278211,0.345911177,21.0,336.0,112000000.0,116000000.0
BENIGN,2.0,23.0,284.0,323943.662,14084.50704,2.0,23.0,1.0,1.0
DoS Hulk,0.0,0.0,4.0,0.0,500000.0,2.0,0.0,0.0,4.0
DoS Hulk,5.0,8688.0,98876868.0,121.2922723,0.111249478,6.0,380.0,98900000.0,98900000.0
BENIGN,1.0,6.0,1.0,12000000.0,2000000.0,1.0,6.0,0.0,0.0
BENIGN,1.0,0.0,209.0,177033.4928,14354.06699,2.0,37.0,0.0,209.0
DoS Hulk,0.0,0.0,4.0,0.0,500000.0,2.0,0.0,0.0,4.0
BENIGN,0.0,0.0,63133886.0,0.0,0.110875481,7.0,0.0,0.0,63100000.0
BENIGN,3.0,6.0,78.0,230769.2307692308,51282.05128205128,1.0,0.0,4.0,0.0
PortScan,1.0,6.0,7.0,857142.8571,285714.2857,1.0,0.0,0.0,0.0
PortScan,1.0,6.0,67.0,89552.23881,29850.74627,1.0,0.0,0.0,0.0
DoS Hulk,6.0,4344.0,99324791.0,119.8492328,0.130883739,7.0,303.0,48382.0,99300000.0
DoS Hulk,7.0,5792.0,98221000.0,121.3997007,0.132354588,6.0,311.0,98200000.0,98200000.0
PortScan,1.0,6.0,43.0,139534.8837,46511.62791,1.0,0.0,0.0,0.0
DDoS,5.0,5840.0,260622.0,44635.52578,30.69579698,3.0,20.0,260577.0,847.0
BENIGN,2.0,53.0,144.0,1250000.0,27777.77778,2.0,37.0,11.0,3.0
PortScan,1.0,6.0,57.0,140350.8772,35087.7193,1.0,2.0,0.0,0.0
BENIGN,1.0,6.0,629.0,19077.90143,3179.650238,1.0,6.0,0.0,0.0
PortScan,1.0,6.0,49.0,163265.3061,40816.32653,1.0,2.0,0.0,0.0
BENIGN,0.0,0.0,42.0,738095.2381,47619.04762,2.0,31.0,0.0,42.0
BENIGN,9.0,1448.0,10240281.0,457.6046302,1.660110694,8.0,517.0,10200000.0,10200000.0
PortScan,1.0,6.0,42.0,142857.1429,47619.04762,1.0,0.0,0.0,0.0
BENIGN,1.0,204.0,30979.0,8005.4230285032,64.5598631331,1.0,44.0,0.0,0.0
SSH-Patator,33.0,976.0,11631265.0,408.6399889,4.556684075,20.0,640.0,11600000.0,9480060.0
PortScan,1.0,6.0,42.0,142857.1429,47619.04762,1.0,0.0,0.0,0.0
DoS Hulk,0.0,0.0,95.0,0.0,21052.63158,2.0,0.0,0.0,95.0
BENIGN,2.0,179.0,215.0,2027906.977,18604.65116,2.0,39.0,48.0,4.0
BENIGN,2.0,56.0,167.0,1149700.599,23952.09581,2.0,40.0,49.0,3.0
DoS Hulk,6.0,8688.0,85412156.0,139.4180941,0.163911095,8.0,307.0,149545.0,85300000.0
BENIGN,2.0,60.0,404.0,455445.5446,9900.990099,2.0,32.0,3.0,1.0
BENIGN,1.0,105.0,76979.0,1896.621156,25.98111173,1.0,41.0,0.0,0.0
PortScan,1.0,6.0,24.0,333333.3333,83333.33333,1.0,2.0,0.0,0.0
BENIGN,2.0,0.0,1316968.0,40.2439543,3.037279569,2.0,53.0,4.0,1316968.0
DDoS,0.0,0.0,8291807.0,2.894423375,0.482403896,4.0,6.0,0.0,8291807.0
BENIGN,0.0,0.0,3.0,4000000.0,666666.6667,2.0,6.0,0.0,3.0
BENIGN,2.0,90.0,30972.0,8265.530156,129.1489087,2.0,38.0,2.0,3.0
BENIGN,46.0,2896.0,75516138.0,734.478768,1.205040438,45.0,517.0,75500000.0,75500000.0
BENIGN,3.0,6.0,72693.0,63376.11599,123.8083447,6.0,1448.0,1149.0,72693.0
BENIGN,10.0,1448.0,666905.0,6977.00572,28.48981489,9.0,267.0,571822.0,571394.0
PortScan,1.0,6.0,44.0,181818.1818,45454.54545,1.0,2.0,0.0,0.0
PortScan,1.0,6.0,67.0,89552.23881,29850.74627,1.0,0.0,0.0,0.0
PortScan,1.0,6.0,29.0,275862.069,68965.51724,1.0,2.0,0.0,0.0
DDoS,4.0,11595.0,104598.0,111216.2756,66.92288571,3.0,20.0,104550.0,806.0
BENIGN,2.0,121.0,205.0,1678048.78,19512.19512,2.0,51.0,49.0,47.0
DoS Hulk,6.0,4344.0,25526.0,467954.2427,352.5816814,3.0,350.0,25435.0,13999.0
DoS GoldenEye,4.0,3525.0,11963673.0,324.482289,0.752277332,5.0,357.0,12000000.0,6963395.0
DoS Hulk,6.0,8688.0,98298643.0,121.8124649,0.111903885,5.0,367.0,98300000.0,98300000.0
DoS Hulk,6.0,7240.0,99846652.0,119.9239009,0.130199659,7.0,355.0,99800000.0,99800000.0
DDoS,5.0,8760.0,857813.0,13561.23071,9.326041923,3.0,20.0,857691.0,848.0
BENIGN,42.0,1617.0,113042768.0,157.2236801562,0.6900043354,36.0,363.0,113013867.0,113042768.0
DoS Hulk,0.0,0.0,3.0,0.0,666666.6667,2.0,0.0,0.0,3.0
BENIGN,1.0,139.0,508.0,387795.2756,3937.007874,1.0,58.0,0.0,0.0
DoS Hulk,0.0,0.0,182.0,0.0,10989.01099,2.0,0.0,0.0,182.0
DoS Hulk,6.0,5792.0,85648130.0,140.2132189,0.140108138,6.0,396.0,85600000.0,85500000.0
DDoS,6.0,5755.0,1212491.0,9594.29802,7.422735509,3.0,20.0,1212445.0,679.0
BENIGN,1.0,167.0,47402.0,5316.231383,42.19231256,1.0,85.0,0.0,0.0
BENIGN,1.0,6.0,59.0,203389.83050847452,33898.30508474576,1.0,6.0,0.0,0.0
DoS Hulk,6.0,4344.0,82637635.0,144.2079024,0.145212287,6.0,322.0,229460.0,82400000.0
BENIGN,1.0,0.0,23.0,0.0,86956.52174,1.0,0.0,0.0,0.0
BENIGN,2.0,102.0,212.0,1264150.943,18867.92453,2.0,32.0,49.0,3.0
BENIGN,2.0,46.0,4135581.0,40.86487485,1.692627952,5.0,46.0,3989188.0,4135581.0
PortScan,1.0,6.0,36.0,222222.2222,55555.55556,1.0,2.0,0.0,0.0
PortScan,1.0,6.0,44.0,136363.6364,45454.54545,1.0,0.0,0.0,0.0
PortScan,1.0,6.0,43.0,139534.8837,46511.62791,1.0,0.0,0.0,0.0
BENIGN,0.0,0.0,88.0,0.0,22727.27273,2.0,0.0,0.0,88.0
BENIGN,2.0,0.0,109.0,0.0,27522.93578,1.0,0.0,48.0,0.0
BENIGN,2.0,20.0,242886.0,47870.19425,32.93726275,6.0,4380.0,315.0,242886.0
BENIGN,0.0,0.0,3.0,4000000.0,666666.6667,2.0,6.0,0.0,3.0
DDoS,5.0,5840.0,47256.0,246042.8305,169.2906721,3.0,20.0,47223.0,24884.0
BENIGN,5.0,4096.0,5157193.0,970.101371,2.714655046,9.0,192.0,210394.0,5157193.0
DoS Hulk,5.0,7240.0,149758.0,79688.56422,53.41951682,3.0,339.0,149723.0,12985.0
PortScan,1.0,6.0,96.0,62500.0,20833.33333,1.0,0.0,0.0,0.0
DoS Hulk,6.0,4344.0,85013156.0,140.4253243,0.176443279,9.0,343.0,141527.0,84900000.0
BENIGN,1.0,181.0,61034.0,3899.465871,32.76862077,1.0,57.0,0.0,0.0
DoS Hulk,7.0,5792.0,99610715.0,120.2983032,0.130508048,6.0,370.0,99600000.0,99500000.0
BENIGN,0.0,0.0,3.0,10300000.0,666666.6667,2.0,31.0,0.0,3.0
BENIGN,1.0,0.0,266.0,67669.17293233082,15037.593984962405,3.0,6.0,0.0,266.0
DDoS,4.0,7215.0,617692.0,18823.29705,11.33250876,3.0,20.0,617630.0,26489.0
BENIGN,2.0,83.0,195.0,1210256.41,20512.82051,2.0,35.0,49.0,4.0
BENIGN,1.0,0.0,51.0,0.0,39215.68627450981,1.0,0.0,0.0,0.0
DDoS,6.0,4380.0,1300941.0,8937.376868,6.918069305,3.0,20.0,1300806.0,15053.0
DoS Hulk,6.0,5792.0,99872477.0,120.0731208,0.100127686,4.0,391.0,96647.0,99800000.0
DDoS,5.0,5840.0,22073.0,526752.1406,362.4337426,3.0,20.0,21972.0,21095.0
DoS Hulk,0.0,0.0,49.0,0.0,40816.32653,2.0,0.0,0.0,49.0
FTP-Patator,15.0,34.0,9565739.0,31.15284663,2.508954091,9.0,26.0,9565622.0,6479334.0
BENIGN,2.0,128.0,137605.0,2325.4968932815,29.068711166,2.0,32.0,3.0,49.0
DDoS,6.0,5840.0,1173491.0,9913.156556,7.669423967,3.0,20.0,1173446.0,802.0
BENIGN,16.0,492.0,115898915.0,19.10285355,0.310615505,20.0,919.0,111000000.0,116000000.0
BENIGN,2.0,175.0,240.0,1758333.333,16666.66667,2.0,36.0,1.0,1.0
BENIGN,1.0,80.0,52179.0,2759.730926,38.3295962,1.0,64.0,0.0,0.0
PortScan,1.0,6.0,55.0,109090.9091,36363.63636,1.0,0.0,0.0,0.0
DoS Hulk,0.0,0.0,1013.0,0.0,1974.333662,2.0,0.0,0.0,1013.0
DDoS,0.0,0.0,11020652.0,2.177729593,0.362954932,4.0,6.0,0.0,11000000.0
BENIGN,1.0,0.0,3.0,0.0,666666.6667,1.0,0.0,0.0,0.0
BENIGN,7.0,337.0,561025.0,3088.988904237779,23.17187291118934,6.0,611.0,415963.0,408621.0
BENIGN,2.0,90.0,269.0,966542.7509,14869.88848,2.0,40.0,48.0,49.0
DDoS,5.0,7300.0,1181017.0,9844.904857,6.7738229,3.0,20.0,1180966.0,24095.0
DoS Hulk,7.0,5792.0,85432210.0,140.0057426,0.152167432,6.0,348.0,85400000.0,85300000.0
PortScan,1.0,6.0,71.0,84507.04225,28169.01408,1.0,0.0,0.0,0.0
DoS Hulk,7.0,5792.0,180704.0,66257.52612,55.33911812,3.0,378.0,180655.0,10989.0
BENIGN,2.0,165.0,69358.0,5824.850774,57.67178984,2.0,37.0,48.0,3.0
BENIGN,0.0,0.0,4456.0,1346.499102,448.8330341,2.0,6.0,0.0,4456.0
BENIGN,2.0,52.0,204.0,862745.098,19607.84314,2.0,36.0,3.0,48.0
BENIGN,2.0,48.0,135.0,1185185.185,29629.62963,2.0,32.0,3.0,3.0
BENIGN,10.0,20.0,82448895.0,141.6756404,0.18193088,5.0,11595.0,80600000.0,82400000.0
PortScan,1.0,6.0,68.0,88235.29412,29411.76471,1.0,0.0,0.0,0.0
DDoS,0.0,0.0,7726881.0,3.882549764,0.647091627,5.0,6.0,0.0,7726881.0
BENIGN,2.0,155.0,183.0,2153005.46448087,21857.9234972678,2.0,42.0,3.0,3.0
DoS Hulk,0.0,0.0,3.0,0.0,666666.6667,2.0,0.0,0.0,3.0
BENIGN,1.0,0.0,145633.0,0.0,13.73315114,1.0,0.0,0.0,0.0
PortScan,1.0,6.0,51.0,117647.0588,39215.68627,1.0,0.0,0.0,0.0
BENIGN,4.0,59.0,85659.0,4109.317176,93.39357219,4.0,29.0,37875.0,85510.0
BENIGN,0.0,0.0,4.0,3000000.0,500000.0,2.0,6.0,0.0,4.0
BENIGN,1.0,74.0,60083.0,1930.662583,33.28728592,1.0,42.0,0.0,0.0
BENIGN,1.0,0.0,32.0,0.0,62500.0,1.0,0.0,0.0,0.0
BENIGN,1.0,62.0,30886.0,3496.72991,64.75425759,1.0,46.0,0.0,0.0
BENIGN,1.0,6.0,60.0,200000.0,33333.33333,1.0,6.0,0.0,0.0
BENIGN,1.0,0.0,117143.0,0.0,17.0731499108,1.0,0.0,0.0,0.0
BENIGN,0.0,0.0,23.0,20900000.0,565217.3913,13.0,37.0,0.0,23.0
BENIGN,1.0,90.0,806.0,166253.1017,2481.389578,1.0,44.0,0.0,0.0
PortScan,1.0,6.0,45.0,133333.3333,44444.44444,1.0,0.0,0.0,0.0
DoS Hulk,7.0,4344.0,84703068.0,140.6206443,0.153477322,6.0,298.0,84700000.0,84600000.0
DDoS,6.0,4380.0,265347.0,43818.0948,33.91785096,3.0,20.0,265293.0,24812.0
DoS Hulk,1.0,0.0,150.0,0.0,20000.0,2.0,0.0,0.0,150.0
BENIGN,2.0,48.0,180.0,888888.8889,22222.22222,2.0,32.0,3.0,47.0
DoS GoldenEye,4.0,3525.0,11967869.0,342.7510779,0.752013579,5.0,577.0,12000000.0,6965499.0
BENIGN,16.0,1418.0,117472007.0,47.67093151,0.263892657,15.0,380.0,117000000.0,117000000.0
PortScan,1.0,6.0,67.0,89552.23881,29850.74627,1.0,0.0,0.0,0.0
DoS Hulk,5.0,8688.0,100395197.0,118.7208189,0.109566995,6.0,324.0,115915.0,100000000.0
BENIGN,1.0,176.0,180663.0,1206.666556,11.07033538,1.0,42.0,0.0,0.0
PortScan,1.0,6.0,8.0,750000.0,250000.0,1.0,0.0,0.0,0.0
DDoS,0.0,0.0,10651958.0,2.253106894,0.375517816,4.0,6.0,0.0,10700000.0
DoS Hulk,6.0,4344.0,85635228.0,139.5804073,0.151806684,7.0,358.0,149554.0,85500000.0
PortScan,1.0,6.0,11.0,727272.7273,181818.1818,1.0,2.0,0.0,0.0
DoS Hulk,0.0,0.0,4.0,0.0,500000.0,2.0,0.0,0.0,4.0
DoS Hulk,0.0,0.0,3.0,0.0,666666.6667,2.0,0.0,0.0,3.0
BENIGN,1.0,0.0,95345.0,0.0,20.97645393,1.0,0.0,0.0,0.0
PortScan,1.0,6.0,3.0,2666666.667,666666.6667,1.0,2.0,0.0,0.0
BENIGN,1.0,0.0,53.0,0.0,37735.84906,1.0,0.0,0.0,0.0
DoS Hulk,7.0,4344.0,97955907.0,121.9426206,0.153130122,8.0,344.0,22468.0,97900000.0
BENIGN,25.0,2920.0,60089832.0,371.5104412,0.732237028,19.0,517.0,60100000.0,50300000.0
BENIGN,2.0,198.0,216.0,2481481.481,18518.51852,2.0,70.0,48.0,3.0
BENIGN,1.0,6.0,62.0,193548.3871,32258.06452,1.0,6.0,0.0,0.0
DDoS,0.0,0.0,7815797.0,3.838380142,0.639730024,5.0,6.0,0.0,7815797.0
BENIGN,19.0,1418.0,115888064.0,60.73101713046134,0.3537896706946455,22.0,325.0,110620348.0,115888064.0
DoS Hulk,0.0,0.0,6.0,0.0,333333.3333,2.0,0.0,0.0,6.0
PortScan,1.0,6.0,49.0,122448.9796,40816.32653,1.0,0.0,0.0,0.0
DoS Hulk,0.0,0.0,5022.0,0.0,995.6192752,5.0,0.0,0.0,5022.0
BENIGN,5.0,1448.0,6083978.0,605.0317736,2.301126007,9.0,517.0,314602.0,6083978.0
DoS Hulk,6.0,4344.0,84992340.0,140.8950501,0.15295496,7.0,380.0,148661.0,84900000.0
BENIGN,6.0,1448.0,96785.0,35460.0403,165.3148732,10.0,981.0,68170.0,96785.0
PortScan,1.0,6.0,43.0,186046.5116,46511.62791,1.0,2.0,0.0,0.0
BENIGN,1.0,0.0,46.0,0.0,43478.26087,1.0,0.0,0.0,0.0
BENIGN,2.0,47.0,153.0,1019607.843,26143.79085,2.0,31.0,3.0,3.0
DoS Hulk,0.0,0.0,4.0,0.0,500000.0,2.0,0.0,0.0,4.0
DoS Hulk,0.0,0.0,3.0,0.0,666666.6667,2.0,0.0,0.0,3.0
BENIGN,1.0,46.0,3328335.0,50.77613882,1.802703153,5.0,46.0,0.0,3328335.0
BENIGN,2.0,156.0,147059.0,3372.795953,40.79995104,4.0,46.0,3.0,30965.0
SSH-Patator,1.0,0.0,52.0,0.0,38461.53846,1.0,0.0,0.0,0.0
PortScan,1.0,6.0,18.0,444444.4444,111111.1111,1.0,2.0,0.0,0.0
BENIGN,2.0,91.0,367814.0,657.941242,10.87506185,2.0,30.0,3.0,2.0
BENIGN,1.0,6.0,52.0,711538.4615,57692.30769,2.0,31.0,0.0,3.0
BENIGN,0.0,0.0,23.0,1347826.087,86956.52174,2.0,31.0,0.0,23.0
BENIGN,13.0,1601.0,60687631.0,82.01012163,0.444901202,14.0,654.0,60600000.0,60700000.0
DoS Hulk,0.0,0.0,1096.0,0.0,4562.043796,5.0,0.0,0.0,1096.0
DDoS,4.0,11595.0,95398386.0,122.2557371,0.125788292,8.0,20.0,32827.0,95400000.0
BENIGN,0.0,0.0,3.0,93300000.0,666666.6667,2.0,274.0,0.0,3.0
BENIGN,1.0,0.0,107.0,0.0,18691.58879,1.0,0.0,0.0,0.0
PortScan,1.0,6.0,71.0,112676.0563,28169.01408,1.0,2.0,0.0,0.0
DoS GoldenEye,4.0,3525.0,36056367.0,105.83429,0.388280938,10.0,291.0,5006718.0,31100000.0
PortScan,1.0,6.0,43.0,139534.8837,46511.62791,1.0,0.0,0.0,0.0
SSH-Patator,32.0,976.0,11512903.0,412.8411401,4.603530491,21.0,640.0,11500000.0,9395347.0
PortScan,1.0,6.0,79.0,75949.36709,25316.4557,1.0,0.0,0.0,0.0
DDoS,6.0,4380.0,50427.0,230570.9243,178.4758165,3.0,20.0,50403.0,11271.0
PortScan,1.0,6.0,76.0,78947.36842,26315.78947,1.0,0.0,0.0,0.0
PortScan,1.0,6.0,5.0,1600000.0,400000.0,1.0,2.0,0.0,0.0
PortScan,1.0,6.0,42.0,142857.1429,47619.04762,1.0,0.0,0.0,0.0
DoS Hulk,8.0,4344.0,117135950.0,101.5572077,0.110982154,5.0,289.0,117000000.0,117000000.0
DDoS,5.0,5840.0,405376.0,28696.81481,19.73476476,3.0,20.0,405335.0,462.0
DDoS,5.0,7300.0,31058.0,374364.093,257.5825874,3.0,20.0,31024.0,22011.0
DoS Hulk,0.0,0.0,1019.0,0.0,1962.708538,2.0,0.0,0.0,1019.0
BENIGN,0.0,0.0,998759.0,12.0149105,2.002485084,2.0,6.0,0.0,998759.0
BENIGN,1.0,74.0,30687.0,3910.450679,65.17417799,1.0,46.0,0.0,0.0
BENIGN,4.0,44.0,62709.0,5613.229361,127.5733946,4.0,44.0,31965.0,62009.0
BENIGN,72.0,2896.0,115549709.0,881.2051617,1.237562615,71.0,275.0,113000000.0,116000000.0
PortScan,1.0,6.0,46.0,173913.0435,43478.26087,1.0,2.0,0.0,0.0
BENIGN,6.0,1997.0,31492386.0,150.86186229268242,0.4445518989891715,8.0,345.0,1491093.0,31492386.0
DDoS,0.0,0.0,4085887.0,5.873877569,0.978979595,4.0,6.0,0.0,4085887.0
PortScan,1.0,6.0,68.0,88235.29412,29411.76471,1.0,0.0,0.0,0.0
DoS Hulk,0.0,0.0,4.0,0.0,500000.0,2.0,0.0,0.0,4.0
DoS Hulk,5.0,5803.0,97428478.0,122.7977717,0.123167274,7.0,369.0,1728.0,97400000.0
BENIGN,1.0,0.0,67.0,0.0,29850.74627,1.0,0.0,0.0,0.0
DDoS,0.0,0.0,10885689.0,2.755911913,0.459318652,5.0,6.0,0.0,10900000.0
BENIGN,2.0,104.0,61794.0,5049.033887,64.73120368,2.0,52.0,3.0,3.0
PortScan,1.0,6.0,1.0,6000000.0,2000000.0,1.0,0.0,0.0,0.0
PortScan,1.0,6.0,22.0,272727.2727,90909.09091,1.0,0.0,0.0,0.0
Web Attack  Brute Force,1.0,0.0,5732160.0,0.0,0.697817228,3.0,0.0,0.0,5732160.0
BENIGN,2.0,242.0,324.0,1728395.062,12345.67901,2.0,38.0,10.0,191.0
DDoS,0.0,0.0,23015.0,1303.497719,217.2496198,5.0,6.0,0.0,23015.0
PortScan,1.0,6.0,44.0,181818.1818,45454.54545,1.0,2.0,0.0,0.0
BENIGN,1.0,143.0,702.0,313390.3134,2849.002849,1.0,77.0,0.0,0.0
BENIGN,2.0,64.0,23905.0,8366.450533,167.3290107,2.0,36.0,3.0,3.0
DoS Hulk,1.0,0.0,10015.0,1198.202696,299.550674,2.0,6.0,0.0,10015.0
BENIGN,4.0,176.0,6019355.0,140.3804893,1.661307565,6.0,517.0,88761.0,6019355.0
PortScan,1.0,6.0,64.0,93750.0,31250.0,1.0,0.0,0.0,0.0
PortScan,1.0,6.0,62.0,96774.19355,32258.06452,1.0,0.0,0.0,0.0
BENIGN,1.0,82.0,46808.0,2713.2114168518,42.7277388481,1.0,45.0,0.0,0.0
BENIGN,4.0,6.0,38596.0,5959.166753,259.0942067,6.0,74.0,31431.0,38596.0
DoS Hulk,6.0,5792.0,98617871.0,121.0125495,0.121681799,6.0,339.0,147652.0,98500000.0
DoS Hulk,0.0,0.0,4.0,0.0,500000.0,2.0,0.0,0.0,4.0
DoS Hulk,0.0,0.0,5.0,0.0,400000.0,2.0,0.0,0.0,5.0
DoS slowloris,1.0,0.0,77151672.0,0.103691855,0.038884446,2.0,8.0,0.0,77200000.0
SSH-Patator,1.0,0.0,79.0,0.0,25316.4557,1.0,0.0,0.0,0.0
DDoS,0.0,0.0,2436953.0,12.3104549,2.051742483,5.0,6.0,0.0,2436953.0
BENIGN,2.0,6.0,49.0,326530.6122,81632.65306,2.0,2.0,1.0,1.0
DoS Hulk,6.0,5792.0,98793640.0,121.2021341,0.121465309,6.0,379.0,145347.0,98700000.0
PortScan,1.0,6.0,63.0,95238.09524,31746.03175,1.0,0.0,0.0,0.0
BENIGN,1.0,0.0,5617540.0,2.136166365,0.712055455,3.0,6.0,0.0,5617540.0
PortScan,1.0,6.0,41.0,146341.4634,48780.4878,1.0,0.0,0.0,0.0
BENIGN,2.0,226.0,221.0,2407239.819,18099.54751,2.0,40.0,4.0,4.0
BENIGN,2.0,220.0,139337.0,3918.557167,28.70737851,2.0,53.0,3.0,3.0
DDoS,6.0,4380.0,132493.0,87800.86495,67.92811696,3.0,20.0,132445.0,763.0
DDoS,5.0,5840.0,599318.0,19410.39648,13.34850614,3.0,20.0,599302.0,632.0
BENIGN,1.0,62.0,30570.0,3532.8753680079,65.4236179261,1.0,46.0,0.0,0.0
BENIGN,2.0,111.0,47216.0,6523.21247,84.71704507,2.0,43.0,47.0,2.0
BENIGN,2.0,51.0,565930.0,303.9245136,7.068011945,2.0,35.0,3.0,1.0
DoS Hulk,0.0,0.0,3.0,0.0,666666.6667,2.0,0.0,0.0,3.0
BENIGN,1.0,95.0,30686.0,4627.517435,65.1763019,1.0,47.0,0.0,0.0
BENIGN,47.0,2920.0,116513350.0,500.7752331,0.71236472,36.0,290.0,111000000.0,117000000.0
BENIGN,2.0,197.0,257.0,2070038.911,15564.20233,2.0,69.0,48.0,46.0
BENIGN,2.0,51.0,181.0,950276.2431,22099.44751,2.0,35.0,4.0,4.0
BENIGN,2.0,23.0,156.0,589743.5897,25641.02564,2.0,23.0,2.0,1.0
DDoS,6.0,5755.0,80256741.0,145.3211264,0.174440176,8.0,20.0,1821368.0,78400000.0
BENIGN,0.0,0.0,14887.0,806.0724122,134.345402,2.0,6.0,0.0,14887.0
DDoS,4.0,8760.0,35496.0,327558.0347,197.2053189,3.0,20.0,35364.0,32012.0
BENIGN,0.0,0.0,48.0,250000.0,41666.66667,2.0,6.0,0.0,48.0
BENIGN,1.0,0.0,21.0,0.0,95238.0952380952,1.0,0.0,0.0,0.0
BENIGN,3.0,976.0,9896514.0,138.9378118,0.707319769,4.0,381.0,9770155.0,897103.0
BENIGN,0.0,0.0,1.0,12000000.0,2000000.0,2.0,6.0,0.0,1.0
DDoS,5.0,5840.0,1170485.0,9938.615189,6.834773619,3.0,20.0,1170440.0,503.0
BENIGN,1.0,100.0,30533.0,4879.965938,65.5028985,1.0,49.0,0.0,0.0
PortScan,1.0,6.0,46.0,130434.7826,43478.26087,1.0,0.0,0.0,0.0
DDoS,6.0,5840.0,495382.0,23470.77609,18.16779778,3.0,20.0,495377.0,3908.0
BENIGN,0.0,0.0,3.0,12333333.3333333,666666.666666667,2.0,37.0,0.0,3.0
BENIGN,1.0,0.0,32.0,0.0,62500.0,1.0,0.0,0.0,0.0
BENIGN,16.0,442.0,117092496.0,32.40173478,0.307449249,20.0,942.0,112000000.0,117000000.0
BENIGN,0.0,0.0,3.0,1333333.333,666666.6667,2.0,2.0,0.0,3.0
BENIGN,5.0,1646.0,5075055.0,696.9382598,2.561548594,8.0,193.0,132737.0,5075055.0
BENIGN,0.0,0.0,49.0,81632.65306,40816.32653,2.0,2.0,0.0,49.0
BENIGN,2.0,142.0,203.0,1802955.6650246305,19704.433497536946,2.0,41.0,46.0,3.0
DDoS,6.0,5840.0,637494.0,18238.60303,14.11777993,3.0,20.0,637462.0,14524.0
BENIGN,1.0,110.0,38660.0,4242.110709,51.73305742,1.0,54.0,0.0,0.0
DoS Hulk,0.0,0.0,973.0,0.0,2055.498458,2.0,0.0,0.0,973.0
BENIGN,2.0,135.0,200.0,1890000.0,20000.0,2.0,54.0,50.0,3.0
DoS Hulk,5.0,10147.0,85988167.0,138.7167609,0.139554085,7.0,333.0,1689.0,86000000.0
BENIGN,2.0,149.0,7110184.0,48.66259439,0.562573345,2.0,61.0,7042773.0,7109535.0
DoS Hulk,0.0,0.0,1.0,0.0,2000000.0,2.0,0.0,0.0,1.0
DoS Hulk,6.0,4344.0,67519645.0,176.17095,0.222157566,9.0,300.0,64447.0,67500000.0
DDoS,0.0,0.0,6032505.0,3.978446765,0.663074461,4.0,6.0,0.0,6032505.0
BENIGN,1.0,101.0,59916.0,2436.744776,33.38006542,1.0,45.0,0.0,0.0
DoS Hulk,2.0,11.0,14313.0,1606.930762,279.4662195,2.0,6.0,14277.0,611.0
BENIGN,1.0,0.0,172.0,0.0,11627.90698,1.0,0.0,0.0,0.0
DDoS,5.0,5840.0,1630327.0,7135.378363,4.906991051,3.0,20.0,1630214.0,633.0
BENIGN,2.0,157.0,62818.0,6176.573594,63.67601643,2.0,37.0,48.0,3.0
BENIGN,19.0,2860.0,567095.0,33202.54984,63.48142727,17.0,207.0,525340.0,567095.0
DoS Hulk,6.0,4344.0,82716.0,145171.43,108.8060351,3.0,413.0,82630.0,11005.0
DoS Hulk,0.0,0.0,48.0,0.0,41666.66667,2.0,0.0,0.0,48.0
DDoS,5.0,10135.0,560491.0,20755.01658,14.27319975,3.0,20.0,560457.0,624.0
BENIGN,1.0,6.0,31377.0,120820.9835,159.3523919,4.0,2337.0,0.0,31377.0
BENIGN,0.0,0.0,4.0,1000000.0,500000.0,2.0,2.0,0.0,4.0
BENIGN,0.0,0.0,120.0,0.0,16666.66667,2.0,0.0,0.0,120.0
PortScan,1.0,6.0,39.0,205128.2051,51282.05128,1.0,2.0,0.0,0.0
BENIGN,1.0,46.0,4295973.0,42.13248081,1.396656823,5.0,46.0,0.0,4295973.0
BENIGN,0.0,0.0,3.0,1333333.333,666666.6667,2.0,2.0,0.0,3.0
DoS Hulk,7.0,5792.0,98315704.0,121.3234459,0.132227096,6.0,315.0,98300000.0,98300000.0
BENIGN,17.0,529.0,112280710.0,43.15077808,0.320624976,19.0,687.0,111000000.0,112000000.0
DoS Hulk,0.0,0.0,967.0,0.0,2068.252327,2.0,0.0,0.0,967.0
BENIGN,2.0,118.0,583891.0,554.8980889,6.85059369,2.0,44.0,4.0,4.0
BENIGN,0.0,0.0,4.0,7750000.0,500000.0,2.0,31.0,0.0,4.0
DoS Hulk,7.0,5792.0,83423207.0,143.077693,0.155831938,6.0,323.0,83400000.0,83300000.0
PortScan,1.0,6.0,47.0,127659.5745,42553.19149,1.0,0.0,0.0,0.0
Web Attack  XSS,1.0,0.0,5558846.0,0.0,0.719573811,3.0,0.0,0.0,5558846.0
BENIGN,6.0,1460.0,197083.0,31164.53474,60.88805224,6.0,1077.0,168538.0,135336.0
BENIGN,1.0,6.0,33.0,363636.3636,60606.06061,1.0,6.0,0.0,0.0
BENIGN,1.0,91.0,23935.0,5765.615208,83.55964069,1.0,47.0,0.0,0.0
BENIGN,1.0,6.0,273.0,65934.06593,10989.01099,2.0,6.0,0.0,273.0
BENIGN,1.0,81.0,30474.0,4265.931614,65.62971714,1.0,49.0,0.0,0.0
BENIGN,0.0,0.0,388.0,30927.8350515464,5154.6391752577,2.0,6.0,0.0,388.0
BENIGN,6.0,361.0,98336713.0,121.7653065,0.132198846,7.0,5792.0,98300000.0,98300000.0
BENIGN,1.0,6.0,182.0,65934.06593,10989.01099,1.0,6.0,0.0,0.0
DoS Hulk,0.0,0.0,1003.0,0.0,1994.017946,2.0,0.0,0.0,1003.0
DDoS,6.0,7300.0,1241828.0,9367.641896,7.247380475,3.0,20.0,1241721.0,654.0
BENIGN,0.0,0.0,48.0,250000.0,41666.66667,2.0,6.0,0.0,48.0
DDoS,6.0,5840.0,72538426.0,160.7010331,0.193001155,8.0,20.0,1737359.0,70800000.0
BENIGN,0.0,0.0,2.0,6000000.0,1000000.0,2.0,6.0,0.0,2.0
BENIGN,1.0,0.0,64.0,0.0,31250.0,1.0,0.0,0.0,0.0
BENIGN,2.0,6.0,1911.0,1826268.969,3663.003663,5.0,1398.0,237.0,1911.0
DoS GoldenEye,6.0,5840.0,5004436.0,2400.670125,2.597695325,7.0,382.0,5004408.0,3626.0
BENIGN,1.0,128.0,62542.0,2750.151897924595,31.97851044098366,1.0,44.0,0.0,0.0
BENIGN,2.0,102.0,187.0,1540106.952,21390.37433,2.0,42.0,4.0,4.0
BENIGN,2.0,261.0,243.0,2518518.519,16460.90535,2.0,45.0,4.0,4.0
DDoS,0.0,0.0,4301343.0,5.579652681,0.929942113,4.0,6.0,0.0,4301343.0
DoS GoldenEye,5.0,10184.0,11555663.0,1048.836402,1.12498954,8.0,488.0,11600000.0,6556617.0
DoS Hulk,0.0,0.0,6.0,0.0,666666.6667,4.0,0.0,0.0,6.0
BENIGN,2.0,138.0,241103.0,1559.499467,16.59041986,2.0,50.0,3.0,4.0
DoS Hulk,6.0,10136.0,117430168.0,102.4268312,0.102188392,6.0,415.0,117000000.0,117000000.0
DDoS,4.0,11595.0,8699937.0,1339.89476,1.264376972,7.0,20.0,528165.0,8172656.0
DoS Hulk,0.0,0.0,4.0,0.0,500000.0,2.0,0.0,0.0,4.0
BENIGN,0.0,0.0,3.0,10333333.333333334,666666.6666666666,2.0,31.0,0.0,3.0
PortScan,1.0,6.0,42.0,142857.1429,47619.04762,1.0,0.0,0.0,0.0
PortScan,1.0,6.0,9.0,888888.8889,222222.2222,1.0,2.0,0.0,0.0
PortScan,1.0,6.0,49.0,122448.9796,40816.32653,1.0,0.0,0.0,0.0
DoS Hulk,5.0,10147.0,98502128.0,120.9517017,0.131976844,8.0,319.0,3855.0,98500000.0
BENIGN,0.0,0.0,232.0,51724.13793,8620.689655,2.0,6.0,0.0,232.0
PortScan,1.0,6.0,42.0,142857.1429,47619.04762,1.0,0.0,0.0,0.0
BENIGN,4.0,100.0,73535.0,7561.025362,108.7917318,4.0,39.0,25276.0,73353.0
PortScan,1.0,6.0,93.0,64516.12903,21505.37634,1.0,0.0,0.0,0.0
BENIGN,2.0,211.0,73177.0,7625.346762,81.99297594,4.0,34.0,3.0,48418.0
BENIGN,2.0,91.0,188.0,1361702.128,21276.59574,2.0,37.0,4.0,3.0
DoS Hulk,0.0,0.0,3.0,0.0,666666.6667,2.0,0.0,0.0,3.0
DDoS,6.0,4380.0,457359.0,25422.04264,19.6781959,3.0,20.0,457335.0,7997.0
DoS Hulk,5.0,10136.0,99713836.0,120.1137222,0.130373081,8.0,352.0,99700000.0,99700000.0
BENIGN,0.0,0.0,41.0,756097.561,48780.4878,2.0,31.0,0.0,41.0
BENIGN,1.0,0.0,5942061.0,0.0,0.673167105,3.0,0.0,0.0,5942061.0
BENIGN,1.0,0.0,188.0,0.0,10638.29787,1.0,0.0,0.0,0.0
BENIGN,2.0,53.0,168.0,1071428.571,23809.52381,2.0,37.0,48.0,4.0
BENIGN,1.0,6.0,17.0,705882.3529,117647.0588,1.0,6.0,0.0,0.0
BENIGN,2.0,77.0,208.0,1105769.231,19230.76923,2.0,38.0,49.0,48.0
PortScan,1.0,6.0,72.0,83333.33333,27777.77778,1.0,0.0,0.0,0.0
BENIGN,1.0,206.0,23544.0,10575.94292,84.94733265,1.0,43.0,0.0,0.0
BENIGN,9.0,2896.0,665870.0,6987.850481,27.0323036,9.0,267.0,570672.0,569174.0
FTP-Patator,15.0,34.0,8925869.0,32.82593549,2.688813829,9.0,24.0,8925750.0,6083963.0
BENIGN,20.0,420.0,10715843.0,1050.220687,4.199389633,25.0,3073.0,10700000.0,10700000.0
BENIGN,1.0,146.0,23475.0,8221.512247,85.1970181,1.0,47.0,0.0,0.0
BENIGN,1.0,70.0,85980.0,1442.19586,23.26122354,1.0,54.0,0.0,0.0
BENIGN,1.0,6.0,34.0,352941.1765,58823.52941,1.0,6.0,0.0,0.0
PortScan,1.0,6.0,49.0,163265.3061,40816.32653,1.0,2.0,0.0,0.0
BENIGN,1.0,117.0,23436.0,7253.797576378222,85.33879501621438,1.0,53.0,0.0,0.0
PortScan,1.0,6.0,44.0,136363.6364,45454.54545,1.0,0.0,0.0,0.0
BENIGN,2.0,94.0,48569.0,5394.387366,82.35705903,2.0,37.0,3.0,1.0
BENIGN,2.0,89.0,42822813.0,6.001474027406841,0.0934081560685889,2.0,56.0,42552135.0,42792174.0
BENIGN,2.0,134.0,60148.0,5752.477223,66.50262685,2.0,39.0,3.0,3.0
BENIGN,2.0,56.0,155.0,1032258.06451613,25806.4516129032,2.0,24.0,3.0,3.0
BENIGN,1.0,6.0,53.0,226415.09433962265,37735.84905660377,1.0,6.0,0.0,0.0
BENIGN,0.0,0.0,192.0,192708.3333,10416.66667,2.0,31.0,0.0,192.0
BENIGN,6.0,1460.0,1333902.0,3001.719767,7.496802614,4.0,393.0,1310893.0,71966.0
BENIGN,1.0,147.0,30498.0,6492.228999,65.57807069,1.0,51.0,0.0,0.0
BENIGN,0.0,0.0,4592.0,2613.240418,435.5400697,2.0,6.0,0.0,4592.0
BENIGN,7.0,1460.0,417258.0,9979.437183,33.55238246,7.0,201.0,332523.0,411977.0
BENIGN,2.0,111.0,24047.0,12974.59143,166.3409157,2.0,45.0,3.0,47.0
BENIGN,2.0,139.0,30912.0,11710.66253,129.3995859,2.0,42.0,3.0,3.0
BENIGN,2.0,83.0,226.0,1044247.78761062,17699.1150442478,2.0,35.0,1.0,87.0
BENIGN,0.0,0.0,90.0,133333.3333,22222.22222,2.0,6.0,0.0,90.0
